-- Adminer 4.8.4 MySQL 8.4.3 dump

SET NAMES utf8;
SET time_zone = '+00:00';
SET foreign_key_checks = 0;
SET sql_mode = 'NO_AUTO_VALUE_ON_ZERO';

SET NAMES utf8mb4;

CREATE DATABASE `proobra_intranet` /*!40100 DEFAULT CHARACTER SET utf8mb4 COLLATE utf8mb4_0900_ai_ci */ /*!80016 DEFAULT ENCRYPTION='N' */;
USE `proobra_intranet`;

DROP TABLE IF EXISTS `cache`;
CREATE TABLE `cache` (
  `key` varchar(255) COLLATE utf8mb4_unicode_ci NOT NULL,
  `value` mediumtext COLLATE utf8mb4_unicode_ci NOT NULL,
  `expiration` int NOT NULL,
  PRIMARY KEY (`key`)
) ENGINE=InnoDB DEFAULT CHARSET=utf8mb4 COLLATE=utf8mb4_unicode_ci;


DROP TABLE IF EXISTS `cache_locks`;
CREATE TABLE `cache_locks` (
  `key` varchar(255) COLLATE utf8mb4_unicode_ci NOT NULL,
  `owner` varchar(255) COLLATE utf8mb4_unicode_ci NOT NULL,
  `expiration` int NOT NULL,
  PRIMARY KEY (`key`)
) ENGINE=InnoDB DEFAULT CHARSET=utf8mb4 COLLATE=utf8mb4_unicode_ci;


DROP TABLE IF EXISTS `categorias_operarios`;
CREATE TABLE `categorias_operarios` (
  `id` bigint unsigned NOT NULL AUTO_INCREMENT,
  `nombre` varchar(255) COLLATE utf8mb4_unicode_ci NOT NULL,
  `created_at` timestamp NULL DEFAULT NULL,
  `updated_at` timestamp NULL DEFAULT NULL,
  PRIMARY KEY (`id`)
) ENGINE=InnoDB DEFAULT CHARSET=utf8mb4 COLLATE=utf8mb4_unicode_ci;


DROP TABLE IF EXISTS `configuraciones`;
CREATE TABLE `configuraciones` (
  `id` bigint unsigned NOT NULL AUTO_INCREMENT,
  `clave` varchar(255) COLLATE utf8mb4_unicode_ci NOT NULL,
  `valor` varchar(255) COLLATE utf8mb4_unicode_ci DEFAULT NULL,
  `created_at` timestamp NULL DEFAULT NULL,
  `updated_at` timestamp NULL DEFAULT NULL,
  PRIMARY KEY (`id`),
  UNIQUE KEY `configuraciones_clave_unique` (`clave`)
) ENGINE=InnoDB DEFAULT CHARSET=utf8mb4 COLLATE=utf8mb4_unicode_ci;


DROP TABLE IF EXISTS `gastos_fijos_configurables`;
CREATE TABLE `gastos_fijos_configurables` (
  `id` bigint unsigned NOT NULL AUTO_INCREMENT,
  `nombre` varchar(255) COLLATE utf8mb4_unicode_ci NOT NULL,
  `tipo` enum('porcentaje','monto') COLLATE utf8mb4_unicode_ci NOT NULL DEFAULT 'monto',
  `valor` decimal(10,2) NOT NULL DEFAULT '0.00',
  `editable` tinyint(1) NOT NULL DEFAULT '1',
  `created_at` timestamp NULL DEFAULT NULL,
  `updated_at` timestamp NULL DEFAULT NULL,
  PRIMARY KEY (`id`)
) ENGINE=InnoDB AUTO_INCREMENT=6 DEFAULT CHARSET=utf8mb4 COLLATE=utf8mb4_unicode_ci;

INSERT INTO `gastos_fijos_configurables` (`id`, `nombre`, `tipo`, `valor`, `editable`, `created_at`, `updated_at`) VALUES
(1,	'IVA',	'porcentaje',	22.00,	0,	'2025-04-17 15:50:52',	'2025-04-17 15:50:52'),
(2,	'Inscripción de obra',	'monto',	8000.00,	1,	'2025-04-17 15:50:52',	'2025-04-17 19:47:01'),
(3,	'IMM',	'monto',	1300.00,	1,	'2025-04-17 15:50:52',	'2025-04-17 19:47:12'),
(4,	'Responsabilidad civil',	'monto',	6500.00,	1,	'2025-04-17 15:50:52',	'2025-04-17 15:50:52'),
(5,	'SYSO',	'monto',	15000.00,	1,	'2025-04-17 15:50:52',	'2025-04-17 19:47:23');

DROP TABLE IF EXISTS `gastos_fijos_presupuesto`;
CREATE TABLE `gastos_fijos_presupuesto` (
  `id` bigint unsigned NOT NULL AUTO_INCREMENT,
  `cantidad_ml` decimal(10,0) DEFAULT NULL,
  `presupuesto_id` bigint unsigned NOT NULL,
  `gasto_fijo_id` bigint unsigned NOT NULL,
  `valor_aplicado` decimal(10,2) NOT NULL DEFAULT '0.00',
  `created_at` timestamp NULL DEFAULT NULL,
  `updated_at` timestamp NULL DEFAULT NULL,
  PRIMARY KEY (`id`),
  KEY `gastos_fijos_presupuesto_presupuesto_id_foreign` (`presupuesto_id`),
  KEY `gastos_fijos_presupuesto_gasto_fijo_id_foreign` (`gasto_fijo_id`),
  CONSTRAINT `gastos_fijos_presupuesto_gasto_fijo_id_foreign` FOREIGN KEY (`gasto_fijo_id`) REFERENCES `gastos_fijos_configurables` (`id`) ON DELETE CASCADE,
  CONSTRAINT `gastos_fijos_presupuesto_presupuesto_id_foreign` FOREIGN KEY (`presupuesto_id`) REFERENCES `presupuestos` (`id`) ON DELETE CASCADE
) ENGINE=InnoDB AUTO_INCREMENT=222 DEFAULT CHARSET=utf8mb4 COLLATE=utf8mb4_unicode_ci;

INSERT INTO `gastos_fijos_presupuesto` (`id`, `cantidad_ml`, `presupuesto_id`, `gasto_fijo_id`, `valor_aplicado`, `created_at`, `updated_at`) VALUES
(55,	NULL,	34,	1,	22.00,	'2025-04-18 20:48:05',	'2025-04-18 20:48:05'),
(56,	NULL,	37,	1,	22.00,	'2025-04-18 21:21:15',	'2025-04-18 21:21:15'),
(57,	NULL,	37,	2,	8000.00,	'2025-04-18 21:21:15',	'2025-04-18 21:21:15'),
(58,	NULL,	37,	5,	15000.00,	'2025-04-18 21:21:15',	'2025-04-18 21:21:15'),
(59,	NULL,	39,	1,	22.00,	'2025-04-19 00:21:45',	'2025-04-19 00:21:45'),
(60,	NULL,	40,	1,	22.00,	'2025-04-19 04:18:48',	'2025-04-19 04:18:48'),
(61,	NULL,	40,	2,	8000.00,	'2025-04-19 04:18:48',	'2025-04-19 04:18:48'),
(62,	0,	40,	3,	1300.00,	'2025-04-19 04:18:48',	'2025-04-19 04:18:48'),
(63,	NULL,	40,	4,	6500.00,	'2025-04-19 04:18:48',	'2025-04-19 04:18:48'),
(64,	NULL,	40,	5,	15000.00,	'2025-04-19 04:18:48',	'2025-04-19 04:18:48'),
(65,	NULL,	41,	1,	22.00,	'2025-04-19 04:33:04',	'2025-04-19 04:33:04'),
(66,	NULL,	41,	2,	8000.00,	'2025-04-19 04:33:04',	'2025-04-19 04:33:04'),
(67,	2,	41,	3,	1300.00,	'2025-04-19 04:33:04',	'2025-04-19 04:33:04'),
(68,	NULL,	41,	4,	6500.00,	'2025-04-19 04:33:04',	'2025-04-19 04:33:04'),
(69,	NULL,	41,	5,	15000.00,	'2025-04-19 04:33:04',	'2025-04-19 04:33:04'),
(70,	NULL,	43,	1,	22.00,	'2025-04-19 12:49:08',	'2025-04-19 12:49:08'),
(71,	4,	43,	3,	1300.00,	'2025-04-19 12:49:08',	'2025-04-19 12:49:08'),
(72,	NULL,	45,	1,	22.00,	'2025-04-19 12:56:26',	'2025-04-19 12:56:26'),
(73,	NULL,	45,	2,	8000.00,	'2025-04-19 13:39:32',	'2025-04-19 13:39:32'),
(74,	NULL,	45,	4,	6500.00,	'2025-04-19 13:46:02',	'2025-04-19 13:46:02'),
(76,	NULL,	60,	1,	22.00,	'2025-04-19 14:27:00',	'2025-04-19 14:27:00'),
(77,	NULL,	60,	2,	8000.00,	'2025-04-19 14:27:00',	'2025-04-19 14:27:00'),
(78,	NULL,	60,	4,	6500.00,	'2025-04-19 14:27:00',	'2025-04-19 14:27:00'),
(79,	5,	45,	3,	1300.00,	'2025-04-19 14:43:31',	'2025-04-19 14:43:31'),
(80,	NULL,	72,	1,	22.00,	'2025-04-19 16:04:55',	'2025-04-19 16:04:55'),
(81,	NULL,	72,	2,	8000.00,	'2025-04-19 16:04:55',	'2025-04-19 16:04:55'),
(82,	NULL,	72,	4,	6500.00,	'2025-04-19 16:04:55',	'2025-04-19 16:04:55'),
(83,	NULL,	72,	5,	15000.00,	'2025-04-19 16:04:55',	'2025-04-19 16:04:55'),
(84,	NULL,	86,	1,	22.00,	'2025-04-19 17:26:12',	'2025-04-19 17:26:12'),
(85,	NULL,	86,	2,	8000.00,	'2025-04-19 17:26:12',	'2025-04-19 17:26:12'),
(86,	0,	86,	3,	1300.00,	'2025-04-19 17:26:12',	'2025-04-19 17:26:12'),
(87,	NULL,	115,	1,	22.00,	'2025-04-19 20:04:26',	'2025-04-19 20:04:26'),
(88,	NULL,	115,	2,	8000.00,	'2025-04-19 20:04:26',	'2025-04-19 20:04:26'),
(89,	NULL,	115,	4,	6500.00,	'2025-04-19 20:04:51',	'2025-04-19 20:04:51'),
(90,	NULL,	132,	1,	22.00,	'2025-04-20 00:46:05',	'2025-04-20 00:46:05'),
(91,	NULL,	132,	4,	6500.00,	'2025-04-20 00:46:05',	'2025-04-20 00:46:05'),
(92,	NULL,	133,	1,	22.00,	'2025-04-20 00:56:39',	'2025-04-20 00:56:39'),
(93,	NULL,	133,	2,	8000.00,	'2025-04-20 00:57:47',	'2025-04-20 00:57:47'),
(94,	8,	133,	3,	1300.00,	'2025-04-20 00:57:47',	'2025-04-20 00:57:47'),
(95,	NULL,	133,	4,	6500.00,	'2025-04-20 00:57:47',	'2025-04-20 00:57:47'),
(96,	NULL,	133,	5,	15000.00,	'2025-04-20 00:57:47',	'2025-04-20 00:57:47'),
(97,	NULL,	137,	2,	8000.00,	'2025-04-20 02:47:07',	'2025-04-20 02:47:07'),
(98,	NULL,	80,	1,	22.00,	'2025-04-20 12:56:20',	'2025-04-20 12:56:20'),
(101,	NULL,	80,	4,	6500.00,	'2025-04-20 12:56:20',	'2025-04-20 12:56:20'),
(102,	NULL,	80,	5,	15000.00,	'2025-04-20 12:56:20',	'2025-04-20 12:56:20'),
(103,	NULL,	137,	1,	22.00,	'2025-04-20 13:23:44',	'2025-04-20 13:23:44'),
(104,	6,	137,	3,	1300.00,	'2025-04-20 13:23:44',	'2025-04-20 13:23:44'),
(105,	NULL,	137,	4,	6500.00,	'2025-04-20 13:23:44',	'2025-04-20 13:23:44'),
(106,	NULL,	138,	1,	22.00,	'2025-04-20 14:44:12',	'2025-04-20 14:44:12'),
(107,	NULL,	138,	2,	8000.00,	'2025-04-20 14:44:12',	'2025-04-20 14:44:12'),
(108,	NULL,	156,	1,	22.00,	'2025-04-20 15:45:01',	'2025-04-20 15:45:01'),
(109,	NULL,	158,	1,	22.00,	'2025-04-20 18:21:36',	'2025-04-20 18:21:36'),
(110,	5,	172,	3,	1300.00,	'2025-04-22 02:28:09',	'2025-04-22 02:58:30'),
(111,	NULL,	172,	4,	6500.00,	'2025-04-22 02:28:09',	'2025-04-22 02:28:09'),
(112,	NULL,	172,	1,	22.00,	'2025-04-22 02:28:40',	'2025-04-22 02:28:40'),
(113,	NULL,	173,	1,	22.00,	'2025-04-22 04:42:24',	'2025-04-22 04:42:24'),
(114,	0,	173,	3,	1300.00,	'2025-04-22 04:42:24',	'2025-04-22 04:42:24'),
(115,	NULL,	173,	4,	6500.00,	'2025-04-22 04:42:24',	'2025-04-22 04:42:24'),
(116,	NULL,	173,	5,	15000.00,	'2025-04-22 04:42:24',	'2025-04-22 04:42:24'),
(117,	NULL,	179,	1,	22.00,	'2025-04-22 16:48:44',	'2025-04-22 16:48:44'),
(118,	NULL,	179,	2,	8000.00,	'2025-04-22 16:48:44',	'2025-04-22 16:48:44'),
(119,	3,	179,	3,	1300.00,	'2025-04-22 16:48:44',	'2025-04-22 16:49:52'),
(120,	NULL,	179,	4,	6500.00,	'2025-04-22 16:48:44',	'2025-04-22 16:48:44'),
(121,	NULL,	179,	5,	15000.00,	'2025-04-22 16:48:44',	'2025-04-22 16:48:44'),
(122,	NULL,	180,	1,	22.00,	'2025-04-22 18:29:32',	'2025-04-22 18:29:32'),
(123,	0,	180,	3,	1300.00,	'2025-04-22 18:29:32',	'2025-04-22 18:29:32'),
(124,	NULL,	180,	4,	6500.00,	'2025-04-22 18:29:32',	'2025-04-22 18:29:32'),
(125,	NULL,	180,	5,	15000.00,	'2025-04-22 18:50:52',	'2025-04-22 18:50:52'),
(126,	NULL,	180,	2,	8000.00,	'2025-04-22 18:54:01',	'2025-04-22 18:54:01'),
(127,	NULL,	185,	2,	8000.00,	'2025-04-23 03:08:22',	'2025-04-23 03:08:22'),
(128,	0,	185,	3,	1300.00,	'2025-04-23 03:08:22',	'2025-04-23 03:08:22'),
(129,	NULL,	185,	4,	6500.00,	'2025-04-23 03:08:22',	'2025-04-23 03:08:22'),
(131,	NULL,	188,	2,	8000.00,	'2025-04-23 11:40:52',	'2025-04-23 11:40:52'),
(132,	NULL,	188,	1,	22.00,	'2025-04-23 11:52:56',	'2025-04-23 11:52:56'),
(136,	NULL,	189,	5,	15000.00,	'2025-04-23 12:05:52',	'2025-04-23 12:05:52'),
(138,	5,	189,	3,	1300.00,	'2025-04-23 12:34:09',	'2025-04-23 12:34:35'),
(139,	NULL,	189,	1,	22.00,	'2025-04-23 12:46:50',	'2025-04-23 12:46:50'),
(140,	NULL,	189,	2,	8000.00,	'2025-04-23 12:46:50',	'2025-04-23 12:46:50'),
(141,	NULL,	190,	1,	22.00,	'2025-04-23 17:58:06',	'2025-04-23 17:58:06'),
(142,	NULL,	190,	2,	8000.00,	'2025-04-23 17:58:34',	'2025-04-23 17:58:34'),
(143,	1,	190,	3,	1300.00,	'2025-04-23 17:58:34',	'2025-04-23 17:58:34'),
(144,	NULL,	190,	4,	6500.00,	'2025-04-23 17:58:34',	'2025-04-23 17:58:34'),
(145,	NULL,	190,	5,	15000.00,	'2025-04-23 17:58:34',	'2025-04-23 17:58:34'),
(146,	NULL,	191,	1,	22.00,	'2025-04-23 18:05:01',	'2025-04-23 18:05:01'),
(147,	NULL,	191,	2,	8000.00,	'2025-04-23 18:05:01',	'2025-04-23 18:05:01'),
(148,	0,	191,	3,	1300.00,	'2025-04-23 18:05:01',	'2025-04-23 18:05:01'),
(149,	NULL,	191,	4,	6500.00,	'2025-04-23 18:05:01',	'2025-04-23 18:05:01'),
(150,	NULL,	191,	5,	15000.00,	'2025-04-23 18:05:01',	'2025-04-23 18:05:01'),
(156,	NULL,	192,	1,	22.00,	'2025-04-23 18:38:36',	'2025-04-23 18:38:36'),
(157,	NULL,	192,	2,	8000.00,	'2025-04-23 18:46:02',	'2025-04-23 18:46:02'),
(158,	1,	192,	3,	1300.00,	'2025-04-23 18:46:02',	'2025-04-23 18:46:02'),
(159,	NULL,	192,	4,	6500.00,	'2025-04-23 18:46:02',	'2025-04-23 18:46:02'),
(160,	NULL,	192,	5,	15000.00,	'2025-04-23 18:46:02',	'2025-04-23 18:46:02'),
(168,	NULL,	195,	2,	8000.00,	'2025-04-23 19:39:15',	'2025-04-23 19:39:15'),
(169,	NULL,	195,	1,	22.00,	'2025-04-23 19:39:49',	'2025-04-23 19:39:49'),
(170,	NULL,	203,	1,	22.00,	'2025-04-23 23:45:17',	'2025-04-23 23:45:17'),
(171,	NULL,	209,	1,	22.00,	'2025-04-24 11:55:42',	'2025-04-24 11:55:42'),
(172,	NULL,	209,	2,	8000.00,	'2025-04-24 11:55:42',	'2025-04-24 11:55:42'),
(173,	5,	209,	3,	1300.00,	'2025-04-24 11:55:42',	'2025-04-24 11:55:42'),
(174,	NULL,	209,	4,	6500.00,	'2025-04-24 11:55:42',	'2025-04-24 11:55:42'),
(175,	NULL,	209,	5,	15000.00,	'2025-04-24 11:55:42',	'2025-04-24 11:55:42'),
(176,	NULL,	210,	1,	22.00,	'2025-04-24 12:19:59',	'2025-04-24 12:19:59'),
(177,	NULL,	210,	4,	6500.00,	'2025-04-24 12:19:59',	'2025-04-24 12:19:59'),
(178,	NULL,	210,	5,	15000.00,	'2025-04-24 12:19:59',	'2025-04-24 12:19:59'),
(179,	NULL,	211,	1,	22.00,	'2025-04-24 12:23:09',	'2025-04-24 12:23:09'),
(180,	NULL,	214,	1,	22.00,	'2025-04-24 12:34:50',	'2025-04-24 12:34:50'),
(181,	NULL,	214,	2,	8000.00,	'2025-04-24 12:34:50',	'2025-04-24 12:34:50'),
(182,	NULL,	215,	1,	22.00,	'2025-04-24 12:35:26',	'2025-04-24 12:35:26'),
(183,	NULL,	217,	1,	22.00,	'2025-04-24 12:40:10',	'2025-04-24 12:40:10'),
(184,	NULL,	220,	1,	22.00,	'2025-04-25 01:09:11',	'2025-04-25 01:09:11'),
(185,	0,	220,	3,	1300.00,	'2025-04-25 01:09:21',	'2025-04-25 01:09:21'),
(186,	NULL,	221,	1,	22.00,	'2025-04-25 01:24:03',	'2025-04-25 01:24:03'),
(187,	NULL,	221,	2,	8000.00,	'2025-04-25 01:24:03',	'2025-04-25 01:24:03'),
(188,	NULL,	221,	3,	1300.00,	'2025-04-25 01:24:03',	'2025-04-25 01:24:03'),
(189,	NULL,	221,	4,	6500.00,	'2025-04-25 01:24:03',	'2025-04-25 01:24:03'),
(190,	NULL,	221,	5,	15000.00,	'2025-04-25 01:24:03',	'2025-04-25 01:24:03'),
(191,	NULL,	222,	1,	22.00,	'2025-04-25 01:25:27',	'2025-04-25 01:25:27'),
(192,	NULL,	222,	2,	8000.00,	'2025-04-25 01:25:27',	'2025-04-25 01:25:27'),
(193,	0,	222,	3,	1300.00,	'2025-04-25 01:25:27',	'2025-04-25 01:25:27'),
(194,	NULL,	222,	4,	6500.00,	'2025-04-25 01:25:27',	'2025-04-25 01:25:27'),
(195,	NULL,	222,	5,	15000.00,	'2025-04-25 01:25:27',	'2025-04-25 01:25:27'),
(196,	NULL,	225,	1,	22.00,	'2025-04-25 01:49:24',	'2025-04-25 01:49:24'),
(197,	NULL,	225,	2,	8000.00,	'2025-04-25 01:49:24',	'2025-04-25 01:49:24'),
(198,	NULL,	233,	1,	22.00,	'2025-04-25 02:36:39',	'2025-04-25 02:36:39'),
(199,	NULL,	233,	2,	8000.00,	'2025-04-25 02:36:39',	'2025-04-25 02:36:39'),
(200,	NULL,	235,	1,	22.00,	'2025-04-25 02:38:53',	'2025-04-25 02:38:53'),
(201,	NULL,	240,	1,	22.00,	'2025-04-25 12:32:39',	'2025-04-25 12:32:39'),
(202,	NULL,	240,	2,	8000.00,	'2025-04-25 12:32:39',	'2025-04-25 12:32:39'),
(203,	NULL,	241,	1,	22.00,	'2025-04-25 12:39:22',	'2025-04-25 12:39:22'),
(204,	NULL,	241,	5,	15000.00,	'2025-04-25 12:39:22',	'2025-04-25 12:39:22'),
(205,	NULL,	242,	4,	6500.00,	'2025-04-25 12:58:41',	'2025-04-25 12:58:41'),
(206,	NULL,	243,	1,	22.00,	'2025-04-25 13:00:43',	'2025-04-25 13:00:43'),
(207,	NULL,	243,	2,	8000.00,	'2025-04-25 13:01:01',	'2025-04-25 13:01:01'),
(208,	NULL,	243,	5,	15000.00,	'2025-04-25 13:07:28',	'2025-04-25 13:07:28'),
(209,	NULL,	244,	1,	22.00,	'2025-04-25 13:22:49',	'2025-04-25 13:22:49'),
(210,	NULL,	244,	2,	8000.00,	'2025-04-25 13:22:49',	'2025-04-25 13:22:49'),
(211,	0,	244,	3,	1300.00,	'2025-04-25 13:22:49',	'2025-04-25 13:22:49'),
(212,	NULL,	244,	4,	6500.00,	'2025-04-25 13:22:49',	'2025-04-25 13:22:49'),
(213,	NULL,	244,	5,	15000.00,	'2025-04-25 13:22:49',	'2025-04-25 13:22:49'),
(214,	NULL,	245,	1,	22.00,	'2025-04-25 14:41:37',	'2025-04-25 14:41:37'),
(215,	NULL,	246,	1,	22.00,	'2025-04-25 20:16:22',	'2025-04-25 20:16:22'),
(216,	NULL,	246,	2,	8000.00,	'2025-04-25 20:16:22',	'2025-04-25 20:16:22'),
(217,	NULL,	246,	5,	15000.00,	'2025-04-25 20:16:22',	'2025-04-25 20:16:22'),
(220,	NULL,	247,	2,	8000.00,	'2025-04-25 20:38:07',	'2025-04-25 20:38:07'),
(221,	NULL,	247,	1,	22.00,	'2025-04-25 20:54:03',	'2025-04-25 20:54:03');

DROP TABLE IF EXISTS `laudos_operarios`;
CREATE TABLE `laudos_operarios` (
  `id` bigint unsigned NOT NULL AUTO_INCREMENT,
  `orden` int DEFAULT NULL,
  `categoria` varchar(255) COLLATE utf8mb4_unicode_ci NOT NULL,
  `sector` varchar(255) COLLATE utf8mb4_unicode_ci NOT NULL DEFAULT 'Construcción',
  `laudo_base` decimal(10,2) NOT NULL DEFAULT '0.00',
  `desgaste_ropa` decimal(10,2) NOT NULL DEFAULT '0.00',
  `transporte` decimal(10,2) NOT NULL DEFAULT '0.00',
  `s_balancin` decimal(10,2) NOT NULL DEFAULT '0.00',
  `herramientas` decimal(10,2) NOT NULL DEFAULT '0.00',
  `alimentos` decimal(10,2) NOT NULL DEFAULT '0.00',
  `presentismo_semanal` decimal(10,2) NOT NULL DEFAULT '0.00',
  `presentismo_mensual` decimal(10,2) NOT NULL DEFAULT '0.00',
  `total_jornal` decimal(10,2) NOT NULL DEFAULT '0.00',
  `created_at` timestamp NULL DEFAULT NULL,
  `updated_at` timestamp NULL DEFAULT NULL,
  PRIMARY KEY (`id`)
) ENGINE=InnoDB AUTO_INCREMENT=63 DEFAULT CHARSET=utf8mb4 COLLATE=utf8mb4_unicode_ci;

INSERT INTO `laudos_operarios` (`id`, `orden`, `categoria`, `sector`, `laudo_base`, `desgaste_ropa`, `transporte`, `s_balancin`, `herramientas`, `alimentos`, `presentismo_semanal`, `presentismo_mensual`, `total_jornal`, `created_at`, `updated_at`) VALUES
(1,	1,	'Oficial VIII',	'Construcción',	2612.37,	97.63,	85.42,	195.30,	39.04,	195.30,	206.41,	99.04,	3530.51,	NULL,	'2025-04-17 15:58:06'),
(2,	2,	'½ Oficial V',	'Construcción',	1953.01,	97.63,	85.42,	195.30,	39.04,	195.30,	154.31,	74.04,	2794.05,	NULL,	NULL),
(3,	3,	'Peón práctico cat IV',	'Construcción',	1804.44,	97.63,	85.42,	58.59,	0.00,	173.82,	142.57,	68.41,	2430.88,	NULL,	NULL),
(4,	4,	'Peón común cat III',	'Construcción',	1656.22,	97.63,	85.42,	58.59,	0.00,	173.82,	142.57,	68.41,	2282.66,	NULL,	NULL),
(5,	5,	'Oficial IyC',	'Industria y Comercio',	3181.82,	0.00,	0.00,	0.00,	0.00,	0.00,	0.00,	0.00,	3181.82,	NULL,	NULL),
(6,	6,	'Medio Oficial IyC',	'Industria y Comercio',	2378.83,	0.00,	0.00,	0.00,	0.00,	0.00,	0.00,	0.00,	2378.83,	NULL,	NULL),
(7,	7,	'Peón IyC',	'Industria y Comercio',	2197.70,	0.00,	0.00,	0.00,	0.00,	0.00,	0.00,	0.00,	2197.70,	NULL,	NULL),
(8,	8,	'Peón común IyC',	'Industria y Comercio',	2018.38,	0.00,	0.00,	0.00,	0.00,	0.00,	0.00,	0.00,	2018.38,	NULL,	NULL);

DROP TABLE IF EXISTS `mano_de_obra`;
CREATE TABLE `mano_de_obra` (
  `id` bigint unsigned NOT NULL AUTO_INCREMENT,
  `presupuesto_id` bigint unsigned NOT NULL,
  `replanteo_id` bigint unsigned DEFAULT NULL,
  `categoria` varchar(255) COLLATE utf8mb4_unicode_ci NOT NULL,
  `cantidad` decimal(10,2) DEFAULT NULL,
  `dias` decimal(10,2) DEFAULT NULL,
  `comentario` varchar(255) COLLATE utf8mb4_unicode_ci DEFAULT NULL,
  `created_at` timestamp NULL DEFAULT NULL,
  `updated_at` timestamp NULL DEFAULT NULL,
  PRIMARY KEY (`id`),
  KEY `mano_de_obra_presupuesto_id_foreign` (`presupuesto_id`),
  KEY `mano_de_obra_replanteo_id_foreign` (`replanteo_id`),
  CONSTRAINT `mano_de_obra_presupuesto_id_foreign` FOREIGN KEY (`presupuesto_id`) REFERENCES `presupuestos` (`id`) ON DELETE CASCADE,
  CONSTRAINT `mano_de_obra_replanteo_id_foreign` FOREIGN KEY (`replanteo_id`) REFERENCES `replanteos` (`id`) ON DELETE CASCADE
) ENGINE=InnoDB AUTO_INCREMENT=323 DEFAULT CHARSET=utf8mb4 COLLATE=utf8mb4_unicode_ci;

INSERT INTO `mano_de_obra` (`id`, `presupuesto_id`, `replanteo_id`, `categoria`, `cantidad`, `dias`, `comentario`, `created_at`, `updated_at`) VALUES
(40,	34,	23,	'Oficial VIII',	2.00,	2.00,	'',	'2025-04-18 20:48:05',	'2025-04-18 20:48:05'),
(41,	34,	23,	'Medio Oficial IyC',	2.00,	2.00,	'',	'2025-04-18 20:48:05',	'2025-04-18 20:48:05'),
(42,	35,	25,	'Oficial VIII',	4.00,	4.00,	'',	'2025-04-18 21:02:30',	'2025-04-18 21:02:30'),
(43,	37,	26,	'Oficial VIII',	4.00,	44.00,	'',	'2025-04-18 21:21:15',	'2025-04-18 23:54:00'),
(44,	37,	26,	'Oficial VIII',	2.00,	2.00,	'',	'2025-04-18 22:59:21',	'2025-04-18 22:59:21'),
(45,	39,	27,	'Oficial VIII',	1.00,	1.00,	'',	'2025-04-19 00:21:45',	'2025-04-19 00:21:45'),
(46,	39,	27,	'Oficial VIII',	2.00,	55555.00,	'',	'2025-04-19 00:21:45',	'2025-04-19 03:04:32'),
(47,	40,	28,	'Oficial VIII',	4.00,	4.00,	'',	'2025-04-19 04:18:48',	'2025-04-19 05:08:56'),
(48,	41,	29,	'Oficial VIII',	1.00,	44.00,	'',	'2025-04-19 04:33:04',	'2025-04-19 04:33:04'),
(49,	43,	30,	'Oficial VIII',	4.00,	4.00,	'',	'2025-04-19 12:49:08',	'2025-04-19 12:49:08'),
(50,	43,	30,	'Oficial VIII',	0.00,	0.00,	'',	'2025-04-19 12:49:08',	'2025-04-19 12:49:08'),
(51,	45,	31,	'Oficial VIII',	6.00,	7.00,	'',	'2025-04-19 12:56:26',	'2025-04-19 15:09:41'),
(52,	60,	32,	'Oficial VIII',	8.00,	8.00,	'',	'2025-04-19 14:27:00',	'2025-04-19 14:27:00'),
(53,	72,	33,	'Oficial VIII',	4.00,	5.00,	'',	'2025-04-19 16:04:55',	'2025-04-19 16:04:55'),
(54,	86,	34,	'Oficial VIII',	1.00,	1.00,	'',	'2025-04-19 17:26:12',	'2025-04-19 17:26:12'),
(55,	90,	35,	'Oficial VIII',	4.00,	4.00,	'',	'2025-04-19 17:53:05',	'2025-04-19 17:53:05'),
(56,	96,	36,	'Oficial VIII',	44.00,	4.00,	'',	'2025-04-19 18:43:09',	'2025-04-19 18:43:09'),
(58,	115,	38,	'Oficial VIII',	11.00,	1.00,	'',	'2025-04-19 20:04:26',	'2025-04-19 20:04:26'),
(59,	116,	39,	'Oficial VIII',	41.00,	1.00,	'',	'2025-04-19 20:07:50',	'2025-04-19 20:07:50'),
(60,	132,	40,	'Oficial VIII',	41.00,	4.00,	'',	'2025-04-20 00:46:05',	'2025-04-20 00:46:05'),
(61,	133,	41,	'Oficial VIII',	4.00,	4.00,	'',	'2025-04-20 00:56:39',	'2025-04-20 00:56:39'),
(62,	137,	42,	'Oficial VIII',	44.00,	4.00,	'',	'2025-04-20 02:47:07',	'2025-04-20 02:47:07'),
(63,	80,	43,	'Oficial VIII',	4.00,	14.00,	'',	'2025-04-20 13:19:35',	'2025-04-20 13:22:59'),
(64,	138,	44,	'Oficial VIII',	10.00,	1.00,	'',	'2025-04-20 14:44:12',	'2025-04-20 23:08:42'),
(65,	156,	45,	'Oficial VIII',	5.00,	6.00,	'',	'2025-04-20 15:45:01',	'2025-04-20 17:11:28'),
(66,	158,	46,	'Oficial VIII',	5.00,	5.00,	'',	'2025-04-20 18:21:36',	'2025-04-20 18:21:36'),
(67,	158,	46,	'Oficial VIII',	0.00,	0.00,	'',	'2025-04-20 18:22:10',	'2025-04-20 18:22:10'),
(68,	138,	44,	'Oficial VIII',	1.00,	1.00,	'',	'2025-04-20 22:31:23',	'2025-04-20 22:31:23'),
(69,	138,	44,	'Medio Oficial IyC',	77.00,	44.00,	'',	'2025-04-20 22:31:23',	'2025-04-20 23:10:13'),
(70,	138,	44,	'Peón común cat III',	588.00,	1.00,	'',	'2025-04-20 22:31:23',	'2025-04-20 23:06:34'),
(71,	160,	47,	'Oficial VIII',	1.00,	44.00,	'',	'2025-04-20 23:13:02',	'2025-04-20 23:39:15'),
(72,	160,	47,	'Oficial VIII',	5.00,	5.00,	'',	'2025-04-20 23:39:15',	'2025-04-20 23:40:36'),
(73,	160,	47,	'Peón común cat III',	4.00,	4.00,	'',	'2025-04-20 23:40:36',	'2025-04-20 23:40:36'),
(74,	160,	47,	'Oficial VIII',	1.00,	1.00,	'',	'2025-04-20 23:53:52',	'2025-04-20 23:53:52'),
(75,	160,	47,	'Peón común cat III',	1.00,	1.00,	'',	'2025-04-20 23:54:17',	'2025-04-20 23:54:17'),
(76,	160,	47,	'Oficial VIII',	2.00,	2.00,	'',	'2025-04-21 00:06:40',	'2025-04-21 00:06:40'),
(77,	160,	47,	'Oficial VIII',	2.00,	2.00,	'',	'2025-04-21 00:06:40',	'2025-04-21 00:06:40'),
(78,	160,	47,	'Oficial VIII',	2.00,	2.00,	'',	'2025-04-21 00:06:40',	'2025-04-21 00:06:40'),
(79,	162,	48,	'Oficial VIII',	1.00,	1.00,	'',	'2025-04-21 00:14:37',	'2025-04-21 00:14:37'),
(80,	162,	48,	'Oficial VIII',	1.00,	1.00,	'',	'2025-04-21 00:14:37',	'2025-04-21 00:14:37'),
(81,	162,	48,	'Oficial VIII',	1.00,	1.00,	'',	'2025-04-21 00:14:59',	'2025-04-21 00:14:59'),
(82,	162,	48,	'Oficial VIII',	2.00,	2.00,	'',	'2025-04-21 00:14:59',	'2025-04-21 00:14:59'),
(83,	162,	48,	'Oficial VIII',	1.00,	1.00,	'',	'2025-04-21 00:21:45',	'2025-04-21 00:21:45'),
(84,	163,	49,	'Peón práctico cat IV',	4.00,	4.00,	'',	'2025-04-21 00:22:17',	'2025-04-21 02:05:42'),
(85,	163,	49,	'½ Oficial V',	1.00,	1111.00,	'',	'2025-04-21 00:22:17',	'2025-04-21 01:31:27'),
(86,	163,	49,	'Peón práctico cat IV',	22.00,	2.00,	'',	'2025-04-21 00:22:57',	'2025-04-21 01:31:27'),
(87,	163,	49,	'Peón común IyC',	22.00,	22.00,	'',	'2025-04-21 00:26:03',	'2025-04-21 01:31:27'),
(88,	163,	49,	'Oficial IyC',	45.00,	2.00,	'',	'2025-04-21 00:48:42',	'2025-04-21 01:49:41'),
(89,	163,	49,	'Oficial VIII',	254.00,	3.00,	'',	'2025-04-21 01:08:49',	'2025-04-21 01:49:41'),
(90,	163,	49,	'Oficial VIII',	4.00,	6.00,	'',	'2025-04-21 01:49:41',	'2025-04-21 02:05:05'),
(91,	163,	49,	'Oficial VIII',	0.00,	0.00,	'',	'2025-04-21 02:05:42',	'2025-04-21 02:05:42'),
(92,	165,	50,	'Oficial VIII',	1.00,	1.00,	'',	'2025-04-21 02:24:41',	'2025-04-21 02:26:32'),
(93,	165,	50,	'½ Oficial V',	1.00,	1.00,	'',	'2025-04-21 02:26:11',	'2025-04-21 02:26:11'),
(94,	165,	50,	'Peón práctico cat IV',	1.00,	3.00,	'',	'2025-04-21 02:26:32',	'2025-04-21 03:05:24'),
(95,	166,	51,	'Oficial VIII',	1.00,	1.00,	'',	'2025-04-21 03:05:39',	'2025-04-21 04:10:00'),
(96,	166,	51,	'Oficial VIII',	1.00,	1.00,	'',	'2025-04-21 03:41:38',	'2025-04-22 04:35:30'),
(97,	166,	51,	'Oficial VIII',	1.00,	1.00,	'',	'2025-04-21 04:10:00',	'2025-04-22 04:36:02'),
(98,	166,	51,	'Oficial VIII',	1.00,	1.00,	'',	'2025-04-21 04:22:04',	'2025-04-22 04:36:02'),
(99,	167,	52,	'Oficial VIII',	1.00,	1.00,	'',	'2025-04-21 04:23:47',	'2025-04-21 04:25:41'),
(104,	168,	53,	'½ Oficial V',	1.00,	1.00,	'',	'2025-04-21 04:51:16',	'2025-04-21 05:38:18'),
(105,	168,	53,	'½ Oficial V',	1.00,	1.00,	'',	'2025-04-21 04:51:16',	'2025-04-21 04:51:16'),
(106,	168,	53,	'Peón práctico cat IV',	1.00,	11414.00,	'',	'2025-04-21 04:51:16',	'2025-04-21 04:56:55'),
(107,	168,	53,	'Peón común cat III',	1.00,	1.00,	'',	'2025-04-21 04:56:55',	'2025-04-21 04:56:55'),
(108,	168,	53,	'Peón práctico cat IV',	1.00,	1.00,	'',	'2025-04-21 04:59:06',	'2025-04-21 04:59:06'),
(109,	168,	53,	'Peón común cat III',	1.00,	1.00,	'',	'2025-04-21 04:59:06',	'2025-04-21 04:59:06'),
(110,	168,	53,	'Peón común cat III',	1.00,	1.00,	'',	'2025-04-21 05:36:27',	'2025-04-21 05:38:18'),
(111,	171,	54,	'Oficial VIII',	1.00,	1.00,	'',	'2025-04-21 13:35:46',	'2025-04-21 13:35:46'),
(112,	171,	54,	'Oficial VIII',	1.00,	1.00,	'',	'2025-04-21 13:35:46',	'2025-04-22 01:36:20'),
(113,	171,	54,	'Oficial VIII',	1.00,	1.00,	'',	'2025-04-21 13:35:46',	'2025-04-22 01:36:20'),
(114,	171,	54,	'Oficial VIII',	1.00,	1.00,	'',	'2025-04-21 13:35:46',	'2025-04-22 01:36:20'),
(115,	171,	54,	'Oficial VIII',	2.00,	5.50,	'',	'2025-04-21 13:35:46',	'2025-04-21 13:35:46'),
(116,	172,	55,	'Oficial VIII',	1.00,	4.00,	'',	'2025-04-22 02:28:09',	'2025-04-22 02:28:09'),
(117,	172,	55,	'Oficial VIII',	4.00,	4.00,	'',	'2025-04-22 02:28:09',	'2025-04-22 02:28:40'),
(124,	173,	56,	'Oficial VIII',	141.00,	144.00,	'',	'2025-04-22 04:41:23',	'2025-04-22 04:41:23'),
(125,	173,	56,	'½ Oficial V',	1.00,	1.00,	'',	'2025-04-22 04:41:23',	'2025-04-22 04:41:23'),
(126,	173,	56,	'Peón común cat III',	4.00,	4.00,	'',	'2025-04-22 04:41:23',	'2025-04-22 04:41:23'),
(127,	174,	57,	'Oficial VIII',	5.00,	1.00,	'',	'2025-04-22 04:43:58',	'2025-04-23 01:21:33'),
(128,	175,	59,	'Oficial VIII',	1.00,	1.00,	'',	'2025-04-22 04:55:29',	'2025-04-22 04:55:29'),
(129,	175,	59,	'Oficial VIII',	1.00,	1.00,	'',	'2025-04-22 04:55:29',	'2025-04-22 04:55:29'),
(134,	170,	64,	'Oficial VIII',	4.00,	4.00,	'',	'2025-04-22 10:59:43',	'2025-04-22 10:59:43'),
(165,	176,	81,	'Oficial VIII',	441.00,	1.00,	'',	'2025-04-22 11:54:30',	'2025-04-22 11:54:30'),
(166,	177,	83,	'Oficial VIII',	0.00,	0.00,	'',	'2025-04-22 11:54:49',	'2025-04-22 11:54:49'),
(175,	97,	91,	'Oficial VIII',	44.50,	1.00,	'',	'2025-04-22 13:50:00',	'2025-04-22 13:50:00'),
(176,	97,	91,	'Oficial VIII',	1.00,	1.00,	'',	'2025-04-22 13:50:00',	'2025-04-22 13:50:00'),
(179,	178,	94,	'Oficial VIII',	1.00,	1.00,	'',	'2025-04-22 13:59:13',	'2025-04-22 13:59:13'),
(181,	179,	95,	'Oficial VIII',	1.00,	1.00,	'',	'2025-04-22 16:48:44',	'2025-04-22 16:48:44'),
(182,	179,	95,	'½ Oficial V',	1.00,	1.00,	'',	'2025-04-22 16:48:44',	'2025-04-22 16:48:44'),
(183,	179,	95,	'Peón práctico cat IV',	1.00,	1.00,	'',	'2025-04-22 16:48:44',	'2025-04-22 16:48:44'),
(184,	179,	95,	'Medio Oficial IyC',	1.00,	1.00,	'',	'2025-04-22 16:48:44',	'2025-04-22 16:48:44'),
(185,	180,	97,	'Oficial VIII',	1.00,	1.00,	'',	'2025-04-22 17:01:06',	'2025-04-22 17:01:06'),
(188,	180,	97,	'Oficial VIII',	4.00,	1.00,	'',	'2025-04-22 18:29:32',	'2025-04-22 19:04:07'),
(191,	174,	57,	'Oficial VIII',	0.00,	0.00,	'',	'2025-04-23 01:21:33',	'2025-04-23 01:21:33'),
(192,	174,	57,	'Oficial VIII',	0.00,	0.00,	'',	'2025-04-23 01:21:48',	'2025-04-23 01:21:48'),
(193,	182,	101,	'Oficial VIII',	0.00,	0.00,	'',	'2025-04-23 02:25:35',	'2025-04-23 02:25:35'),
(194,	185,	102,	'Oficial VIII',	1.00,	1.00,	'',	'2025-04-23 03:08:22',	'2025-04-23 03:08:57'),
(195,	185,	102,	'Oficial VIII',	2.00,	1.00,	'',	'2025-04-23 03:08:22',	'2025-04-23 03:08:57'),
(196,	185,	102,	'Oficial VIII',	1.00,	1.00,	'',	'2025-04-23 03:08:22',	'2025-04-23 03:08:57'),
(197,	185,	102,	'Oficial VIII',	0.00,	0.00,	'',	'2025-04-23 03:08:22',	'2025-04-23 03:08:22'),
(198,	187,	103,	'Oficial VIII',	1.00,	1.00,	'',	'2025-04-23 10:01:56',	'2025-04-23 10:01:56'),
(199,	188,	104,	'Oficial VIII',	1.00,	1.00,	'',	'2025-04-23 10:03:55',	'2025-04-23 10:03:55'),
(204,	189,	105,	'Oficial VIII',	1.00,	1.00,	'',	'2025-04-23 12:05:52',	'2025-04-23 12:05:52'),
(205,	189,	105,	'Oficial VIII',	1.00,	1.00,	'',	'2025-04-23 12:05:52',	'2025-04-23 12:05:52'),
(206,	189,	105,	'Oficial VIII',	1.00,	1.00,	'',	'2025-04-23 12:09:44',	'2025-04-23 12:22:16'),
(207,	190,	106,	'Oficial VIII',	1.00,	1.00,	'',	'2025-04-23 17:57:57',	'2025-04-23 17:57:57'),
(210,	191,	108,	'Oficial VIII',	1.00,	1.00,	'',	'2025-04-23 18:05:01',	'2025-04-23 18:05:01'),
(211,	191,	108,	'Oficial VIII',	1.00,	1.00,	'',	'2025-04-23 18:05:01',	'2025-04-23 18:05:01'),
(215,	192,	110,	'Oficial VIII',	41.00,	5.10,	'',	'2025-04-23 18:43:09',	'2025-04-23 18:46:02'),
(216,	193,	112,	'Oficial VIII',	1.00,	1.00,	'',	'2025-04-23 19:01:42',	'2025-04-23 19:01:42'),
(219,	193,	112,	'Oficial VIII',	1.00,	1.00,	'',	'2025-04-23 19:21:23',	'2025-04-23 19:22:27'),
(220,	194,	114,	'Oficial VIII',	1.00,	1.00,	'',	'2025-04-23 19:24:21',	'2025-04-23 19:24:21'),
(221,	194,	114,	'Oficial VIII',	1.00,	1.00,	'',	'2025-04-23 19:24:21',	'2025-04-23 19:24:34'),
(222,	195,	115,	'Oficial VIII',	1.00,	1.00,	'',	'2025-04-23 19:38:37',	'2025-04-23 19:38:37'),
(223,	195,	115,	'Oficial VIII',	1.00,	1.00,	'',	'2025-04-23 19:38:37',	'2025-04-23 19:38:37'),
(224,	197,	117,	'Oficial VIII',	1.00,	1.00,	'',	'2025-04-23 21:50:59',	'2025-04-23 21:50:59'),
(227,	197,	117,	'Oficial VIII',	4.00,	4.00,	'',	'2025-04-23 21:52:07',	'2025-04-23 21:52:14'),
(230,	197,	117,	'Oficial VIII',	5.00,	5.00,	'',	'2025-04-23 21:52:27',	'2025-04-23 21:52:27'),
(231,	198,	118,	'Oficial VIII',	1.00,	1.00,	'',	'2025-04-23 21:55:36',	'2025-04-23 21:55:36'),
(232,	198,	118,	'½ Oficial V',	1.00,	1.00,	'',	'2025-04-23 21:55:36',	'2025-04-23 21:55:36'),
(233,	198,	118,	'Peón práctico cat IV',	1.00,	1.00,	'',	'2025-04-23 21:55:36',	'2025-04-23 21:55:36'),
(234,	198,	118,	'Peón común cat III',	1.00,	1.00,	'',	'2025-04-23 21:55:36',	'2025-04-23 21:55:36'),
(235,	199,	119,	'Oficial VIII',	1.00,	1.00,	'',	'2025-04-23 21:57:31',	'2025-04-23 21:57:31'),
(236,	199,	119,	'Oficial VIII',	1.00,	1.00,	'',	'2025-04-23 21:57:31',	'2025-04-23 21:57:59'),
(237,	199,	119,	'Oficial VIII',	1.00,	1.00,	'',	'2025-04-23 21:57:31',	'2025-04-23 21:57:59'),
(238,	199,	119,	'Oficial VIII',	1.00,	1.00,	'',	'2025-04-23 21:57:31',	'2025-04-23 21:57:59'),
(239,	200,	120,	'Oficial VIII',	1.00,	1.00,	'',	'2025-04-23 22:40:08',	'2025-04-23 22:40:08'),
(243,	200,	120,	'Oficial VIII',	1.00,	5.00,	'',	'2025-04-23 22:55:46',	'2025-04-23 22:55:46'),
(244,	200,	120,	'Oficial VIII',	8.00,	5.00,	'',	'2025-04-23 22:55:46',	'2025-04-23 22:55:51'),
(245,	200,	120,	'Oficial VIII',	5.00,	4.00,	'',	'2025-04-23 22:55:46',	'2025-04-23 22:55:46'),
(246,	201,	122,	'Oficial VIII',	1.00,	1.00,	'',	'2025-04-23 22:56:58',	'2025-04-23 22:56:58'),
(247,	201,	122,	'Oficial VIII',	1.00,	1.00,	'',	'2025-04-23 22:56:58',	'2025-04-23 22:56:58'),
(248,	201,	122,	'Oficial VIII',	1.00,	1.00,	'',	'2025-04-23 22:56:58',	'2025-04-23 22:56:58'),
(249,	201,	122,	'Oficial VIII',	1.00,	1.00,	'',	'2025-04-23 22:56:58',	'2025-04-23 22:56:58'),
(250,	97,	91,	'Oficial VIII',	5.00,	4.00,	'',	'2025-04-23 23:43:05',	'2025-04-23 23:47:11'),
(251,	157,	123,	'½ Oficial V',	45.00,	4.00,	'',	'2025-04-23 23:43:46',	'2025-04-23 23:43:46'),
(252,	203,	124,	'Oficial VIII',	1.00,	1.00,	'',	'2025-04-23 23:45:17',	'2025-04-23 23:45:17'),
(253,	203,	124,	'Oficial VIII',	5.00,	5.00,	'',	'2025-04-23 23:45:17',	'2025-04-23 23:45:17'),
(254,	103,	125,	'Oficial VIII',	1.00,	1.00,	'',	'2025-04-24 03:39:51',	'2025-04-24 04:12:09'),
(255,	103,	125,	'Oficial VIII',	0.00,	0.00,	'',	'2025-04-24 04:09:22',	'2025-04-24 04:09:22'),
(256,	207,	126,	'Oficial VIII',	2.00,	1.00,	'',	'2025-04-24 10:22:03',	'2025-04-24 10:49:13'),
(257,	207,	126,	'Oficial VIII',	1.00,	1.00,	'',	'2025-04-24 10:22:03',	'2025-04-24 10:22:22'),
(258,	209,	127,	'Oficial VIII',	1.00,	1.00,	'',	'2025-04-24 11:16:14',	'2025-04-24 12:13:27'),
(259,	209,	127,	'Oficial VIII',	0.00,	0.00,	'',	'2025-04-24 11:16:14',	'2025-04-24 12:13:27'),
(260,	210,	128,	'Oficial VIII',	1.00,	1.00,	'',	'2025-04-24 12:19:59',	'2025-04-24 12:19:59'),
(262,	211,	130,	'Oficial VIII',	1.00,	1.00,	'',	'2025-04-24 12:23:09',	'2025-04-24 12:23:09'),
(263,	211,	130,	'Oficial VIII',	1.00,	10.00,	'',	'2025-04-24 12:23:09',	'2025-04-24 12:28:22'),
(264,	212,	131,	'Oficial VIII',	0.00,	0.00,	'',	'2025-04-24 12:28:34',	'2025-04-24 12:28:34'),
(265,	213,	132,	'Oficial VIII',	1.00,	1.00,	'',	'2025-04-24 12:29:48',	'2025-04-24 12:29:48'),
(266,	214,	133,	'Oficial VIII',	5.00,	5.00,	'',	'2025-04-24 12:34:50',	'2025-04-24 12:34:50'),
(267,	215,	134,	'Oficial VIII',	2.00,	3.00,	'',	'2025-04-24 12:35:26',	'2025-04-24 12:39:12'),
(268,	216,	135,	'Oficial VIII',	5.00,	5.00,	'',	'2025-04-24 12:39:48',	'2025-04-24 12:39:48'),
(269,	217,	136,	'Oficial VIII',	4.00,	4.00,	'',	'2025-04-24 12:40:10',	'2025-04-24 12:40:10'),
(270,	219,	137,	'Oficial VIII',	1.00,	1.00,	'',	'2025-04-25 01:06:18',	'2025-04-25 01:06:18'),
(271,	219,	137,	'Oficial VIII',	1.00,	1.00,	'',	'2025-04-25 01:06:18',	'2025-04-25 01:17:48'),
(272,	219,	137,	'Oficial VIII',	1.00,	1.00,	'',	'2025-04-25 01:06:18',	'2025-04-25 01:06:18'),
(273,	220,	138,	'Oficial VIII',	1.00,	1.00,	'',	'2025-04-25 01:09:11',	'2025-04-25 01:09:11'),
(275,	220,	138,	'Oficial VIII',	10.00,	1.00,	'',	'2025-04-25 01:11:06',	'2025-04-25 01:11:06'),
(276,	220,	138,	'Oficial VIII',	10.00,	1.00,	'',	'2025-04-25 01:11:06',	'2025-04-25 01:11:29'),
(277,	221,	141,	'Peón práctico cat IV',	3.00,	3.00,	'',	'2025-04-25 01:16:25',	'2025-04-25 01:24:03'),
(278,	219,	137,	'Oficial VIII',	2.00,	2.00,	'',	'2025-04-25 01:17:48',	'2025-04-25 01:17:48'),
(279,	219,	137,	'Oficial VIII',	2.00,	2.00,	'',	'2025-04-25 01:17:48',	'2025-04-25 01:17:48'),
(280,	219,	137,	'Oficial VIII',	2.00,	2.00,	'',	'2025-04-25 01:17:48',	'2025-04-25 01:17:48'),
(281,	222,	142,	'Oficial VIII',	1.00,	1.00,	'',	'2025-04-25 01:25:27',	'2025-04-25 01:25:27'),
(282,	222,	142,	'Oficial VIII',	1.00,	1.00,	'',	'2025-04-25 01:25:27',	'2025-04-25 01:27:18'),
(283,	222,	142,	'Oficial VIII',	1.00,	1.00,	'',	'2025-04-25 01:27:18',	'2025-04-25 01:27:18'),
(284,	222,	142,	'½ Oficial V',	4.00,	4.00,	'',	'2025-04-25 01:27:55',	'2025-04-25 01:27:55'),
(285,	222,	142,	'½ Oficial V',	4.00,	4.00,	'',	'2025-04-25 01:27:55',	'2025-04-25 01:27:55'),
(286,	223,	143,	'Oficial VIII',	0.00,	0.00,	'',	'2025-04-25 01:47:56',	'2025-04-25 01:47:56'),
(287,	225,	144,	'Oficial VIII',	2.00,	2.00,	'',	'2025-04-25 01:49:24',	'2025-04-25 01:49:24'),
(288,	225,	144,	'½ Oficial V',	2.00,	22.00,	'',	'2025-04-25 01:49:24',	'2025-04-25 01:49:24'),
(289,	226,	146,	'Oficial VIII',	0.00,	0.00,	'',	'2025-04-25 01:53:51',	'2025-04-25 01:53:51'),
(290,	227,	147,	'Oficial VIII',	0.00,	0.00,	'',	'2025-04-25 02:03:44',	'2025-04-25 02:03:44'),
(291,	232,	148,	'Oficial VIII',	0.00,	0.00,	'',	'2025-04-25 02:28:20',	'2025-04-25 02:28:20'),
(292,	233,	149,	'Oficial VIII',	5.00,	5.00,	'',	'2025-04-25 02:36:39',	'2025-04-25 02:36:39'),
(293,	233,	149,	'Oficial VIII',	5.00,	5.00,	'',	'2025-04-25 02:36:39',	'2025-04-25 02:46:42'),
(294,	235,	150,	'Oficial VIII',	6.00,	6.00,	'',	'2025-04-25 02:38:53',	'2025-04-25 02:38:53'),
(295,	236,	151,	'Oficial VIII',	0.00,	0.00,	'',	'2025-04-25 02:53:38',	'2025-04-25 02:53:38'),
(296,	240,	152,	'Oficial VIII',	4.00,	4.00,	'',	'2025-04-25 12:32:39',	'2025-04-25 12:32:39'),
(297,	240,	152,	'Oficial VIII',	5.00,	5.00,	'',	'2025-04-25 12:32:39',	'2025-04-25 12:32:39'),
(298,	241,	154,	'Oficial VIII',	4.00,	4.00,	'',	'2025-04-25 12:39:22',	'2025-04-25 12:39:22'),
(299,	241,	154,	'Peón común cat III',	4.00,	4.00,	'',	'2025-04-25 12:39:22',	'2025-04-25 12:39:22'),
(300,	241,	154,	'Peón práctico cat IV',	1.00,	4.00,	'',	'2025-04-25 12:39:22',	'2025-04-25 12:39:22'),
(301,	241,	154,	'½ Oficial V',	4.00,	1.00,	'',	'2025-04-25 12:39:22',	'2025-04-25 12:39:22'),
(302,	241,	154,	'Oficial VIII',	44.00,	44.00,	'',	'2025-04-25 12:39:22',	'2025-04-25 12:39:22'),
(303,	242,	156,	'Oficial VIII',	2.00,	2.00,	'',	'2025-04-25 12:58:41',	'2025-04-25 12:58:41'),
(304,	242,	156,	'Oficial VIII',	2.00,	2.00,	'',	'2025-04-25 12:58:41',	'2025-04-25 12:58:41'),
(305,	242,	156,	'½ Oficial V',	4.00,	4.00,	'',	'2025-04-25 12:59:40',	'2025-04-25 12:59:40'),
(306,	243,	157,	'Oficial VIII',	2.00,	2.00,	'',	'2025-04-25 13:00:43',	'2025-04-25 13:01:01'),
(307,	243,	157,	'Oficial VIII',	2.00,	2.00,	'',	'2025-04-25 13:00:43',	'2025-04-25 13:01:01'),
(308,	243,	157,	'Oficial VIII',	2.00,	2.00,	'',	'2025-04-25 13:00:43',	'2025-04-25 13:01:01'),
(309,	243,	157,	'Peón común cat III',	1.00,	1.00,	'',	'2025-04-25 13:07:28',	'2025-04-25 13:07:28'),
(310,	244,	159,	'Oficial VIII',	25.00,	5.00,	'',	'2025-04-25 13:22:49',	'2025-04-25 13:22:49'),
(311,	244,	159,	'Oficial VIII',	5.00,	4.00,	'',	'2025-04-25 13:22:49',	'2025-04-25 13:23:00'),
(314,	247,	165,	'Oficial VIII',	1.00,	2.00,	'',	'2025-04-25 20:35:32',	'2025-04-25 20:37:02'),
(319,	247,	165,	'Oficial VIII',	1.00,	2.00,	'',	'2025-04-25 20:54:03',	'2025-04-25 20:54:03'),
(320,	247,	165,	'Oficial VIII',	1.00,	22.00,	'',	'2025-04-25 20:54:03',	'2025-04-25 20:54:03'),
(321,	247,	165,	'Oficial VIII',	4.00,	4.00,	'',	'2025-04-25 21:21:50',	'2025-04-25 21:21:50'),
(322,	247,	165,	'Oficial VIII',	4.00,	4.00,	'',	'2025-04-25 21:21:50',	'2025-04-25 21:21:50');

DROP TABLE IF EXISTS `materiales`;
CREATE TABLE `materiales` (
  `id` bigint unsigned NOT NULL AUTO_INCREMENT,
  `orden` int DEFAULT NULL,
  `presupuesto_id` bigint unsigned NOT NULL,
  `replanteo_id` bigint unsigned DEFAULT NULL,
  `descripcion` varchar(255) COLLATE utf8mb4_unicode_ci DEFAULT NULL,
  `cantidad_unidades` decimal(10,2) DEFAULT NULL,
  `costo_unitario` decimal(10,2) DEFAULT NULL,
  `manos` decimal(10,2) DEFAULT NULL,
  `rendimiento` decimal(10,2) DEFAULT NULL,
  `litros_por_lata` decimal(10,2) DEFAULT NULL,
  `created_at` timestamp NULL DEFAULT NULL,
  `updated_at` timestamp NULL DEFAULT NULL,
  PRIMARY KEY (`id`),
  KEY `materiales_presupuesto_id_foreign` (`presupuesto_id`),
  KEY `materiales_replanteo_id_foreign` (`replanteo_id`),
  CONSTRAINT `materiales_presupuesto_id_foreign` FOREIGN KEY (`presupuesto_id`) REFERENCES `presupuestos` (`id`) ON DELETE CASCADE,
  CONSTRAINT `materiales_replanteo_id_foreign` FOREIGN KEY (`replanteo_id`) REFERENCES `replanteos` (`id`) ON DELETE CASCADE
) ENGINE=InnoDB AUTO_INCREMENT=233 DEFAULT CHARSET=utf8mb4 COLLATE=utf8mb4_unicode_ci;

INSERT INTO `materiales` (`id`, `orden`, `presupuesto_id`, `replanteo_id`, `descripcion`, `cantidad_unidades`, `costo_unitario`, `manos`, `rendimiento`, `litros_por_lata`, `created_at`, `updated_at`) VALUES
(23,	1,	34,	23,	NULL,	14.00,	14144.00,	0.00,	1.00,	1.00,	'2025-04-18 20:48:05',	'2025-04-18 20:48:05'),
(24,	1,	34,	23,	NULL,	4.00,	855.00,	0.00,	1.00,	1.00,	'2025-04-18 20:48:05',	'2025-04-18 20:48:05'),
(25,	1,	35,	25,	NULL,	14.00,	4144.00,	0.00,	1.00,	1.00,	'2025-04-18 21:02:30',	'2025-04-18 21:02:30'),
(26,	1,	37,	26,	NULL,	14.00,	4141.00,	0.00,	1.00,	1.00,	'2025-04-18 21:21:15',	'2025-04-18 21:21:15'),
(27,	1,	39,	27,	NULL,	2452.00,	4.00,	0.00,	1.00,	1.00,	'2025-04-19 00:21:45',	'2025-04-19 00:21:45'),
(28,	1,	40,	28,	NULL,	4.00,	455.00,	0.00,	1.00,	1.00,	'2025-04-19 04:18:48',	'2025-04-19 05:08:56'),
(29,	1,	41,	29,	NULL,	11.00,	574.00,	0.00,	1.00,	1.00,	'2025-04-19 04:33:04',	'2025-04-19 04:33:04'),
(30,	1,	43,	30,	NULL,	4.00,	4.00,	0.00,	1.00,	1.00,	'2025-04-19 12:49:08',	'2025-04-19 12:49:08'),
(31,	1,	45,	31,	NULL,	5.00,	22.00,	0.00,	1.00,	1.00,	'2025-04-19 12:56:26',	'2025-04-19 14:16:51'),
(32,	1,	45,	31,	NULL,	55.00,	5.00,	0.00,	1.00,	1.00,	'2025-04-19 14:16:51',	'2025-04-19 15:41:19'),
(33,	1,	60,	32,	NULL,	88.00,	88.00,	0.00,	1.00,	1.00,	'2025-04-19 14:27:00',	'2025-04-19 14:27:00'),
(34,	1,	72,	33,	NULL,	444.00,	7000.00,	2.00,	8.00,	18.00,	'2025-04-19 16:04:55',	'2025-04-19 16:04:55'),
(35,	1,	86,	34,	NULL,	11.00,	111.00,	0.00,	1.00,	1.00,	'2025-04-19 17:26:12',	'2025-04-19 17:26:12'),
(36,	1,	90,	35,	NULL,	44.00,	44.00,	0.00,	1.00,	1.00,	'2025-04-19 17:53:05',	'2025-04-19 17:53:05'),
(37,	1,	96,	36,	NULL,	44.00,	444.00,	0.00,	1.00,	1.00,	'2025-04-19 18:43:09',	'2025-04-19 18:43:09'),
(39,	1,	115,	38,	NULL,	6555555.00,	1010.00,	0.00,	1.00,	1.00,	'2025-04-19 20:04:26',	'2025-04-19 21:04:50'),
(40,	1,	116,	39,	NULL,	0.00,	0.00,	0.00,	1.00,	1.00,	'2025-04-19 20:07:50',	'2025-04-19 20:07:50'),
(41,	1,	132,	40,	NULL,	4.00,	141.00,	0.00,	1.00,	1.00,	'2025-04-20 00:46:05',	'2025-04-20 00:46:05'),
(42,	1,	133,	41,	NULL,	41.00,	414.00,	0.00,	1.00,	1.00,	'2025-04-20 00:56:39',	'2025-04-20 00:56:39'),
(43,	1,	137,	42,	NULL,	444.00,	44.00,	0.00,	1.00,	1.00,	'2025-04-20 02:47:07',	'2025-04-20 02:47:07'),
(44,	1,	80,	43,	NULL,	4.00,	4.00,	0.00,	1.00,	1.00,	'2025-04-20 13:19:35',	'2025-04-20 13:19:35'),
(45,	1,	138,	44,	NULL,	1.00,	1.00,	0.00,	1.00,	1.00,	'2025-04-20 14:44:12',	'2025-04-20 23:11:33'),
(46,	1,	156,	45,	NULL,	212.00,	555.00,	0.00,	1.00,	1.00,	'2025-04-20 15:45:01',	'2025-04-20 15:45:32'),
(47,	1,	158,	46,	NULL,	55.00,	77777.00,	0.00,	1.00,	1.00,	'2025-04-20 18:21:36',	'2025-04-20 18:22:10'),
(48,	1,	138,	44,	NULL,	4.00,	4.00,	0.00,	1.00,	1.00,	'2025-04-20 22:31:23',	'2025-04-20 22:33:17'),
(49,	1,	138,	44,	NULL,	44444.00,	4.00,	0.00,	1.00,	1.00,	'2025-04-20 22:31:23',	'2025-04-20 22:33:17'),
(50,	1,	160,	47,	NULL,	41.00,	141.00,	0.00,	1.00,	1.00,	'2025-04-20 23:13:02',	'2025-04-20 23:13:02'),
(51,	1,	162,	48,	NULL,	0.00,	0.00,	0.00,	1.00,	1.00,	'2025-04-21 00:14:37',	'2025-04-21 00:14:37'),
(52,	1,	163,	49,	NULL,	0.00,	0.00,	0.00,	1.00,	1.00,	'2025-04-21 00:22:17',	'2025-04-21 00:22:17'),
(53,	1,	165,	50,	NULL,	0.00,	0.00,	0.00,	1.00,	1.00,	'2025-04-21 02:24:41',	'2025-04-21 02:24:41'),
(54,	1,	166,	51,	NULL,	41.00,	14.00,	0.00,	1.00,	1.00,	'2025-04-21 03:05:39',	'2025-04-22 04:35:30'),
(55,	1,	167,	52,	NULL,	41.00,	411.00,	0.00,	1.00,	1.00,	'2025-04-21 04:23:47',	'2025-04-22 20:02:04'),
(56,	1,	168,	53,	NULL,	0.00,	0.00,	0.00,	1.00,	1.00,	'2025-04-21 04:51:16',	'2025-04-21 04:51:16'),
(57,	1,	171,	54,	NULL,	4.00,	4754.00,	0.00,	1.00,	1.00,	'2025-04-21 13:35:46',	'2025-04-22 01:36:20'),
(58,	1,	171,	54,	NULL,	200.00,	6000.00,	2.00,	8.00,	18.00,	'2025-04-22 01:36:20',	'2025-04-22 01:36:20'),
(59,	1,	172,	55,	NULL,	414.00,	14.00,	0.00,	1.00,	1.00,	'2025-04-22 02:28:09',	'2025-04-22 02:28:09'),
(60,	1,	172,	55,	NULL,	1441.00,	14.00,	0.00,	0.00,	0.00,	'2025-04-22 02:28:40',	'2025-04-22 02:28:40'),
(69,	1,	166,	51,	NULL,	14.00,	1444.00,	1.00,	0.00,	0.00,	'2025-04-22 04:35:30',	'2025-04-22 04:35:30'),
(70,	1,	166,	51,	NULL,	77.00,	77.00,	0.00,	0.00,	0.00,	'2025-04-22 04:36:02',	'2025-04-22 04:36:02'),
(71,	1,	166,	51,	NULL,	47.00,	47.00,	0.00,	0.00,	0.00,	'2025-04-22 04:36:02',	'2025-04-22 04:36:02'),
(72,	1,	173,	56,	NULL,	41.00,	11.00,	0.00,	1.00,	1.00,	'2025-04-22 04:41:23',	'2025-04-22 04:41:23'),
(73,	1,	173,	56,	NULL,	1.00,	4141.00,	0.00,	1.00,	1.00,	'2025-04-22 04:41:23',	'2025-04-22 04:41:23'),
(74,	1,	174,	57,	NULL,	451.00,	51.00,	0.00,	1.00,	1.00,	'2025-04-22 04:43:58',	'2025-04-22 04:43:58'),
(75,	1,	175,	59,	NULL,	1.00,	1.00,	0.00,	1.00,	1.00,	'2025-04-22 04:55:29',	'2025-04-22 04:55:29'),
(76,	1,	175,	59,	NULL,	1.00,	1.00,	0.00,	0.00,	0.00,	'2025-04-22 04:55:29',	'2025-04-22 04:55:29'),
(77,	1,	175,	59,	NULL,	0.00,	0.00,	0.00,	0.00,	0.00,	'2025-04-22 04:56:48',	'2025-04-22 04:56:48'),
(82,	1,	170,	64,	NULL,	41.00,	41.00,	0.00,	1.00,	1.00,	'2025-04-22 10:59:43',	'2025-04-22 10:59:43'),
(112,	1,	176,	81,	NULL,	5.00,	14.00,	0.00,	1.00,	1.00,	'2025-04-22 11:54:30',	'2025-04-22 11:54:30'),
(113,	1,	176,	81,	NULL,	74.00,	7.00,	0.00,	0.00,	0.00,	'2025-04-22 11:54:30',	'2025-04-22 11:54:30'),
(114,	1,	177,	83,	NULL,	414.00,	41.00,	0.00,	1.00,	1.00,	'2025-04-22 11:54:49',	'2025-04-22 11:54:49'),
(115,	1,	177,	83,	NULL,	14.00,	414.00,	0.00,	0.00,	0.00,	'2025-04-22 11:54:49',	'2025-04-22 11:54:49'),
(124,	1,	97,	91,	NULL,	55.00,	44.00,	0.00,	1.00,	1.00,	'2025-04-22 13:50:00',	'2025-04-22 13:50:00'),
(125,	1,	97,	91,	NULL,	41.00,	41.00,	0.00,	0.00,	0.00,	'2025-04-22 13:50:00',	'2025-04-22 13:50:00'),
(127,	1,	178,	94,	NULL,	1.00,	44444.00,	0.00,	1.00,	1.00,	'2025-04-22 13:59:13',	'2025-04-22 13:59:13'),
(128,	1,	178,	94,	NULL,	0.00,	0.00,	0.00,	0.00,	0.00,	'2025-04-22 13:59:13',	'2025-04-22 13:59:13'),
(129,	1,	97,	91,	NULL,	1.00,	1.00,	0.00,	0.00,	0.00,	'2025-04-22 16:41:56',	'2025-04-22 16:41:56'),
(133,	1,	179,	95,	NULL,	41.00,	14.00,	0.00,	1.00,	1.00,	'2025-04-22 16:48:44',	'2025-04-22 16:48:44'),
(134,	1,	179,	95,	NULL,	1411.00,	14.00,	0.00,	1.00,	1.00,	'2025-04-22 16:48:44',	'2025-04-22 16:48:44'),
(135,	1,	179,	95,	NULL,	200.00,	5000.00,	2.00,	8.00,	18.00,	'2025-04-22 16:49:52',	'2025-04-22 16:49:52'),
(136,	1,	180,	97,	NULL,	15.00,	543.00,	0.00,	1.00,	1.00,	'2025-04-22 17:01:06',	'2025-04-22 17:01:06'),
(140,	1,	180,	NULL,	NULL,	45445.00,	5000.00,	2.00,	8.00,	18.00,	'2025-04-22 18:29:32',	'2025-04-22 19:07:19'),
(143,	1,	182,	NULL,	NULL,	0.00,	0.00,	0.00,	1.00,	1.00,	'2025-04-23 02:25:35',	'2025-04-23 02:25:35'),
(144,	1,	185,	NULL,	NULL,	0.00,	0.00,	0.00,	1.00,	1.00,	'2025-04-23 03:08:22',	'2025-04-23 03:08:22'),
(145,	1,	187,	NULL,	NULL,	4.00,	4.00,	0.00,	1.00,	1.00,	'2025-04-23 10:01:56',	'2025-04-23 10:01:56'),
(146,	1,	188,	NULL,	NULL,	1.00,	50.00,	0.00,	1.00,	1.00,	'2025-04-23 10:03:55',	'2025-04-23 11:44:04'),
(147,	1,	188,	NULL,	NULL,	1.00,	50.00,	NULL,	NULL,	NULL,	'2025-04-23 11:40:52',	'2025-04-23 11:44:04'),
(148,	1,	189,	NULL,	NULL,	1.00,	11.00,	0.00,	1.00,	1.00,	'2025-04-23 12:05:52',	'2025-04-23 12:05:52'),
(149,	1,	189,	NULL,	NULL,	747.00,	45.00,	NULL,	NULL,	NULL,	'2025-04-23 12:34:35',	'2025-04-23 13:04:03'),
(150,	1,	190,	NULL,	NULL,	41.00,	14.00,	NULL,	NULL,	NULL,	'2025-04-23 17:57:57',	'2025-04-23 17:57:57'),
(152,	1,	191,	NULL,	NULL,	414.00,	141.00,	NULL,	NULL,	NULL,	'2025-04-23 18:05:01',	'2025-04-23 18:05:01'),
(153,	1,	191,	NULL,	NULL,	141.00,	14.00,	NULL,	NULL,	NULL,	'2025-04-23 18:21:44',	'2025-04-23 18:21:44'),
(154,	1,	192,	NULL,	NULL,	0.00,	4.00,	NULL,	NULL,	NULL,	'2025-04-23 18:23:02',	'2025-04-23 18:32:13'),
(157,	1,	193,	NULL,	NULL,	141.00,	144.00,	NULL,	NULL,	NULL,	'2025-04-23 19:01:42',	'2025-04-23 19:01:42'),
(159,	1,	194,	NULL,	NULL,	10.00,	10.00,	NULL,	NULL,	NULL,	'2025-04-23 19:24:21',	'2025-04-23 19:24:21'),
(160,	1,	195,	NULL,	NULL,	10.00,	10.00,	0.00,	1.00,	1.00,	'2025-04-23 19:38:37',	'2025-04-23 19:38:37'),
(161,	1,	197,	NULL,	NULL,	452.00,	452.00,	NULL,	NULL,	NULL,	'2025-04-23 21:50:59',	'2025-04-23 21:50:59'),
(162,	1,	197,	NULL,	NULL,	242.00,	252.00,	NULL,	NULL,	NULL,	'2025-04-23 21:51:17',	'2025-04-23 21:51:17'),
(165,	1,	197,	NULL,	NULL,	5.00,	5225.00,	NULL,	NULL,	NULL,	'2025-04-23 21:52:27',	'2025-04-23 21:52:27'),
(166,	1,	198,	NULL,	NULL,	78617.00,	363.00,	NULL,	NULL,	NULL,	'2025-04-23 21:55:36',	'2025-04-23 21:55:36'),
(167,	1,	199,	NULL,	NULL,	4.00,	253.00,	NULL,	NULL,	NULL,	'2025-04-23 21:57:31',	'2025-04-23 21:57:31'),
(168,	1,	199,	NULL,	NULL,	24.00,	255.00,	NULL,	NULL,	NULL,	'2025-04-23 21:57:59',	'2025-04-23 21:57:59'),
(169,	1,	200,	NULL,	NULL,	678.00,	687.00,	NULL,	NULL,	NULL,	'2025-04-23 22:40:08',	'2025-04-23 22:40:08'),
(170,	1,	200,	NULL,	NULL,	17582.00,	158.00,	NULL,	NULL,	NULL,	'2025-04-23 22:55:12',	'2025-04-23 22:55:12'),
(171,	1,	200,	NULL,	NULL,	81.00,	17.00,	NULL,	NULL,	NULL,	'2025-04-23 22:55:46',	'2025-04-23 22:55:46'),
(172,	1,	201,	NULL,	NULL,	827.00,	546.00,	NULL,	NULL,	NULL,	'2025-04-23 22:56:58',	'2025-04-23 22:56:58'),
(173,	1,	97,	NULL,	NULL,	54.00,	4.00,	NULL,	NULL,	NULL,	'2025-04-23 23:43:05',	'2025-04-23 23:43:05'),
(174,	1,	157,	NULL,	NULL,	544.00,	456.00,	0.00,	1.00,	1.00,	'2025-04-23 23:43:46',	'2025-04-23 23:43:46'),
(175,	1,	203,	NULL,	NULL,	54.00,	4.00,	NULL,	NULL,	NULL,	'2025-04-23 23:45:17',	'2025-04-23 23:45:17'),
(176,	1,	103,	NULL,	NULL,	0.00,	0.00,	0.00,	1.00,	1.00,	'2025-04-24 03:39:51',	'2025-04-24 03:39:51'),
(177,	1,	103,	NULL,	NULL,	NULL,	NULL,	NULL,	NULL,	NULL,	'2025-04-24 04:09:22',	'2025-04-24 04:09:22'),
(178,	1,	207,	NULL,	'41',	41.00,	415.00,	0.00,	1.00,	1.00,	'2025-04-24 10:22:03',	'2025-04-24 10:22:22'),
(179,	1,	209,	NULL,	NULL,	4541.00,	4154.00,	0.00,	1.00,	1.00,	'2025-04-24 11:16:14',	'2025-04-24 12:03:02'),
(180,	1,	210,	NULL,	NULL,	11.00,	424.00,	0.00,	1.00,	1.00,	'2025-04-24 12:19:59',	'2025-04-24 12:19:59'),
(182,	1,	211,	NULL,	NULL,	45.00,	45.00,	NULL,	NULL,	NULL,	'2025-04-24 12:23:09',	'2025-04-24 12:23:09'),
(183,	1,	212,	NULL,	NULL,	0.00,	0.00,	0.00,	1.00,	1.00,	'2025-04-24 12:28:34',	'2025-04-24 12:28:34'),
(184,	1,	213,	NULL,	NULL,	0.00,	0.00,	0.00,	1.00,	1.00,	'2025-04-24 12:29:48',	'2025-04-24 12:29:48'),
(185,	1,	214,	NULL,	NULL,	525.00,	414.00,	0.00,	1.00,	1.00,	'2025-04-24 12:34:50',	'2025-04-24 12:34:50'),
(186,	1,	215,	NULL,	NULL,	33.00,	333.00,	0.00,	1.00,	1.00,	'2025-04-24 12:35:26',	'2025-04-24 12:35:26'),
(187,	1,	216,	NULL,	NULL,	1754.00,	15.00,	0.00,	1.00,	1.00,	'2025-04-24 12:39:48',	'2025-04-24 12:39:48'),
(188,	1,	217,	NULL,	NULL,	44.00,	444.00,	0.00,	1.00,	1.00,	'2025-04-24 12:40:10',	'2025-04-24 12:40:10'),
(189,	1,	219,	NULL,	NULL,	11.00,	56.00,	NULL,	NULL,	NULL,	'2025-04-25 01:06:18',	'2025-04-25 01:06:18'),
(190,	1,	220,	NULL,	NULL,	4214.00,	52.00,	NULL,	NULL,	NULL,	'2025-04-25 01:09:11',	'2025-04-25 01:09:11'),
(192,	1,	220,	NULL,	'fcgh',	587.00,	45.00,	NULL,	NULL,	NULL,	'2025-04-25 01:11:06',	'2025-04-25 01:11:06'),
(193,	1,	220,	NULL,	'klj',	1574.00,	41.00,	NULL,	NULL,	NULL,	'2025-04-25 01:11:29',	'2025-04-25 01:11:29'),
(194,	1,	220,	NULL,	'gb',	1587.00,	891.00,	NULL,	NULL,	NULL,	'2025-04-25 01:11:54',	'2025-04-25 01:11:54'),
(195,	1,	221,	NULL,	NULL,	33.00,	333.00,	0.00,	1.00,	1.00,	'2025-04-25 01:16:25',	'2025-04-25 01:16:41'),
(196,	1,	219,	NULL,	NULL,	2.00,	2.00,	NULL,	NULL,	NULL,	'2025-04-25 01:17:48',	'2025-04-25 01:17:48'),
(197,	1,	219,	NULL,	NULL,	2.00,	2.00,	NULL,	NULL,	NULL,	'2025-04-25 01:18:11',	'2025-04-25 01:18:11'),
(198,	1,	222,	NULL,	NULL,	12.00,	12.00,	NULL,	NULL,	NULL,	'2025-04-25 01:25:27',	'2025-04-25 01:25:27'),
(199,	1,	222,	NULL,	NULL,	44.00,	44.00,	NULL,	NULL,	NULL,	'2025-04-25 01:27:18',	'2025-04-25 01:27:18'),
(200,	1,	222,	NULL,	NULL,	44.00,	44.00,	NULL,	NULL,	NULL,	'2025-04-25 01:27:55',	'2025-04-25 01:27:55'),
(201,	1,	223,	NULL,	NULL,	0.00,	0.00,	0.00,	1.00,	1.00,	'2025-04-25 01:47:56',	'2025-04-25 01:47:56'),
(202,	1,	225,	NULL,	NULL,	2.00,	2.00,	NULL,	NULL,	NULL,	'2025-04-25 01:49:24',	'2025-04-25 01:49:24'),
(203,	1,	226,	NULL,	NULL,	0.00,	0.00,	0.00,	1.00,	1.00,	'2025-04-25 01:53:51',	'2025-04-25 01:53:51'),
(204,	1,	227,	NULL,	NULL,	0.00,	0.00,	0.00,	1.00,	1.00,	'2025-04-25 02:03:44',	'2025-04-25 02:03:44'),
(205,	1,	232,	NULL,	NULL,	0.00,	0.00,	0.00,	1.00,	1.00,	'2025-04-25 02:28:20',	'2025-04-25 02:28:20'),
(206,	1,	233,	NULL,	NULL,	55.00,	55.00,	NULL,	NULL,	NULL,	'2025-04-25 02:36:39',	'2025-04-25 02:36:39'),
(207,	1,	235,	NULL,	NULL,	60.00,	60.00,	0.00,	1.00,	1.00,	'2025-04-25 02:38:53',	'2025-04-25 02:38:53'),
(208,	1,	236,	NULL,	NULL,	0.00,	0.00,	0.00,	1.00,	1.00,	'2025-04-25 02:53:38',	'2025-04-25 02:53:38'),
(209,	1,	240,	NULL,	NULL,	5.00,	5.00,	NULL,	NULL,	NULL,	'2025-04-25 12:32:39',	'2025-04-25 12:32:39'),
(210,	1,	241,	NULL,	NULL,	NULL,	NULL,	NULL,	NULL,	NULL,	'2025-04-25 12:39:22',	'2025-04-25 12:39:22'),
(211,	1,	242,	NULL,	NULL,	54.00,	45.00,	NULL,	NULL,	NULL,	'2025-04-25 12:58:41',	'2025-04-25 12:58:41'),
(212,	1,	242,	NULL,	NULL,	1768.00,	1678.00,	NULL,	NULL,	NULL,	'2025-04-25 12:59:40',	'2025-04-25 12:59:40'),
(213,	1,	243,	NULL,	NULL,	5.00,	4.00,	NULL,	NULL,	NULL,	'2025-04-25 13:00:43',	'2025-04-25 13:00:43'),
(214,	1,	243,	NULL,	NULL,	25.00,	26.00,	NULL,	NULL,	NULL,	'2025-04-25 13:07:28',	'2025-04-25 13:07:28'),
(215,	1,	244,	NULL,	NULL,	41.00,	41.00,	0.00,	1.00,	1.00,	'2025-04-25 13:22:49',	'2025-04-25 13:22:49'),
(216,	1,	244,	NULL,	NULL,	11.00,	412.00,	NULL,	NULL,	NULL,	'2025-04-25 13:22:49',	'2025-04-25 13:22:49'),
(219,	1,	244,	NULL,	NULL,	14.00,	14.00,	NULL,	NULL,	NULL,	'2025-04-25 13:30:27',	'2025-04-25 13:30:27'),
(220,	1,	245,	NULL,	NULL,	41.00,	41.00,	0.00,	1.00,	1.00,	'2025-04-25 14:41:37',	'2025-04-25 14:41:37'),
(221,	1,	245,	NULL,	NULL,	41.00,	14.00,	NULL,	NULL,	NULL,	'2025-04-25 14:41:37',	'2025-04-25 14:41:37'),
(222,	1,	246,	NULL,	NULL,	41.00,	14.00,	0.00,	1.00,	1.00,	'2025-04-25 20:16:22',	'2025-04-25 20:16:22'),
(223,	1,	246,	NULL,	NULL,	41.00,	425.00,	NULL,	NULL,	NULL,	'2025-04-25 20:16:22',	'2025-04-25 20:16:22'),
(224,	1,	246,	NULL,	NULL,	41.00,	414.00,	NULL,	NULL,	NULL,	'2025-04-25 20:17:13',	'2025-04-25 20:17:13'),
(225,	1,	240,	NULL,	NULL,	NULL,	NULL,	NULL,	NULL,	NULL,	'2025-04-25 20:23:47',	'2025-04-25 20:23:47'),
(226,	1,	240,	NULL,	NULL,	NULL,	NULL,	NULL,	NULL,	NULL,	'2025-04-25 20:23:47',	'2025-04-25 20:23:47'),
(227,	1,	247,	NULL,	NULL,	222.00,	2.00,	0.00,	1.00,	1.00,	'2025-04-25 20:28:36',	'2025-04-25 20:28:36'),
(230,	1,	247,	NULL,	NULL,	222.00,	NULL,	222.00,	NULL,	NULL,	'2025-04-25 20:54:03',	'2025-04-25 20:54:03'),
(231,	1,	247,	NULL,	NULL,	222.00,	NULL,	222.00,	NULL,	NULL,	'2025-04-25 20:54:03',	'2025-04-25 20:54:03'),
(232,	1,	247,	NULL,	NULL,	456.00,	NULL,	56.00,	NULL,	NULL,	'2025-04-25 21:09:06',	'2025-04-25 21:09:06');

DROP TABLE IF EXISTS `migrations`;
CREATE TABLE `migrations` (
  `id` int unsigned NOT NULL AUTO_INCREMENT,
  `migration` varchar(255) COLLATE utf8mb4_unicode_ci NOT NULL,
  `batch` int NOT NULL,
  PRIMARY KEY (`id`)
) ENGINE=InnoDB AUTO_INCREMENT=23 DEFAULT CHARSET=utf8mb4 COLLATE=utf8mb4_unicode_ci;

INSERT INTO `migrations` (`id`, `migration`, `batch`) VALUES
(1,	'2025_04_17_000001_create_presupuestos_table',	1),
(2,	'2025_04_17_000002_create_replanteos_table',	1),
(3,	'2025_04_17_000003_create_materiales_table',	1),
(4,	'2025_04_17_000004_create_mano_de_obra_table',	1),
(5,	'2025_04_17_000005_create_laudos_operarios_table',	1),
(6,	'2025_04_17_000006_create_gastos_fijos_configurables_table',	1),
(7,	'2025_04_17_000007_create_gastos_fijos_presupuesto_table',	1),
(8,	'2025_04_17_000008_create_configuraciones_table',	1),
(9,	'2025_04_17_092613_create_sessions_table',	1),
(10,	'2025_04_17_092815_create_cache_table',	1),
(11,	'2025_04_17_093409_create_users_table',	1),
(12,	'2025_04_17_000009_create_obras_table',	2),
(13,	'2025_04_17_000010_create_categorias_operarios_table',	3),
(14,	'2025_04_17_112658_add_fecha_to_presupuestos_table',	4),
(15,	'2025_04_17_113038_add_fechas_to_presupuestos_table',	5),
(16,	'2025_04_17_113430_add_titulo_caratula_to_presupuestos_table',	6),
(17,	'2025_04_17_113612_add_descripcion_to_presupuestos_table',	7),
(18,	'2025_04_17_113936_add_bps_mano_obra_to_presupuestos_table',	8),
(19,	'2025_04_17_114129_add_missing_columns_to_presupuestos_and_laudos_operarios',	9),
(20,	'2025_04_17_135054_add_comentarios_to_presupuestos_table',	10),
(21,	'2025_04_17_144503_add_descripcion_tarea_to_replanteos_table',	11),
(22,	'2025_04_18_192415_add_presupuesto_padre_id_to_presupuestos_table',	12);

DROP TABLE IF EXISTS `obras`;
CREATE TABLE `obras` (
  `id` bigint unsigned NOT NULL AUTO_INCREMENT,
  `nombre` varchar(255) COLLATE utf8mb4_unicode_ci NOT NULL,
  `fecha_inicio` date DEFAULT NULL,
  `duracion_dias` int DEFAULT NULL,
  `estado` varchar(255) COLLATE utf8mb4_unicode_ci DEFAULT NULL,
  `created_at` timestamp NULL DEFAULT NULL,
  `updated_at` timestamp NULL DEFAULT NULL,
  PRIMARY KEY (`id`)
) ENGINE=InnoDB AUTO_INCREMENT=2 DEFAULT CHARSET=utf8mb4 COLLATE=utf8mb4_unicode_ci;

INSERT INTO `obras` (`id`, `nombre`, `fecha_inicio`, `duracion_dias`, `estado`, `created_at`, `updated_at`) VALUES
(1,	'Impermeabilización de terraza 50m²',	'2025-04-07',	20,	'en_ejecucion',	'2025-04-17 13:41:14',	'2025-04-17 13:41:14');

DROP TABLE IF EXISTS `presupuestos`;
CREATE TABLE `presupuestos` (
  `id` bigint unsigned NOT NULL AUTO_INCREMENT,
  `presupuesto_padre_id` bigint unsigned DEFAULT NULL,
  `titulo` varchar(255) COLLATE utf8mb4_unicode_ci NOT NULL,
  `titulo_caratula` varchar(255) COLLATE utf8mb4_unicode_ci DEFAULT NULL,
  `descripcion` text COLLATE utf8mb4_unicode_ci,
  `bps_mano_obra` decimal(5,2) NOT NULL DEFAULT '0.00',
  `caratula` varchar(255) COLLATE utf8mb4_unicode_ci DEFAULT NULL,
  `empresa` varchar(255) COLLATE utf8mb4_unicode_ci DEFAULT NULL,
  `cliente` varchar(255) COLLATE utf8mb4_unicode_ci DEFAULT NULL,
  `telefono` varchar(255) COLLATE utf8mb4_unicode_ci DEFAULT NULL,
  `direccion` varchar(255) COLLATE utf8mb4_unicode_ci DEFAULT NULL,
  `email` varchar(255) COLLATE utf8mb4_unicode_ci DEFAULT NULL,
  `fecha` datetime DEFAULT NULL,
  `fecha_inicio` datetime DEFAULT NULL,
  `duracion_dias` int NOT NULL DEFAULT '0',
  `superficie` decimal(10,2) DEFAULT NULL,
  `utilidad` decimal(5,2) NOT NULL DEFAULT '0.00',
  `bps_porcentaje` decimal(5,2) NOT NULL DEFAULT '0.00',
  `created_at` timestamp NULL DEFAULT NULL,
  `updated_at` timestamp NULL DEFAULT NULL,
  `comentarios` text COLLATE utf8mb4_unicode_ci,
  PRIMARY KEY (`id`),
  KEY `presupuestos_presupuesto_padre_id_foreign` (`presupuesto_padre_id`),
  CONSTRAINT `presupuestos_presupuesto_padre_id_foreign` FOREIGN KEY (`presupuesto_padre_id`) REFERENCES `presupuestos` (`id`) ON DELETE CASCADE
) ENGINE=InnoDB AUTO_INCREMENT=249 DEFAULT CHARSET=utf8mb4 COLLATE=utf8mb4_unicode_ci;

INSERT INTO `presupuestos` (`id`, `presupuesto_padre_id`, `titulo`, `titulo_caratula`, `descripcion`, `bps_mano_obra`, `caratula`, `empresa`, `cliente`, `telefono`, `direccion`, `email`, `fecha`, `fecha_inicio`, `duracion_dias`, `superficie`, `utilidad`, `bps_porcentaje`, `created_at`, `updated_at`, `comentarios`) VALUES
(34,	NULL,	'Nuevo presupuesto',	'',	'Presupuesto generado automáticamente',	0.00,	NULL,	'proobra',	'prueba',	'099363251',	'Sajama 137',	'martinporcires@gmail.com',	NULL,	'2025-04-18 17:45:01',	0,	100.00,	65.00,	0.00,	'2025-04-18 20:45:01',	'2025-04-18 20:48:15',	NULL),
(35,	NULL,	'Nuevo presupuesto',	'',	'Presupuesto generado automáticamente',	0.00,	NULL,	'proobra',	'wr',	'099363251',	'Sajama 137',	'martinporcires@gmail.com',	NULL,	'2025-04-18 18:01:09',	0,	0.00,	65.00,	0.00,	'2025-04-18 21:01:09',	'2025-04-18 21:02:30',	NULL),
(36,	NULL,	'Nuevo presupuesto',	'',	'Presupuesto generado automáticamente',	0.00,	NULL,	'',	'',	'',	'',	'',	'2025-04-18 18:10:04',	'2025-04-18 18:10:04',	0,	0.00,	0.00,	0.00,	'2025-04-18 21:10:04',	'2025-04-18 21:10:04',	NULL),
(37,	NULL,	'Nuevo presupuesto',	'',	'Presupuesto generado automáticamente',	0.00,	NULL,	'proobra',	'Martinporci',	'099363251',	'Sajama 137',	'martinporcires@gmail.com',	'2025-04-18 00:00:00',	'2025-04-18 18:14:11',	0,	100.00,	44.00,	0.00,	'2025-04-18 21:14:11',	'2025-04-18 23:54:00',	NULL),
(38,	NULL,	'Nuevo presupuesto',	'',	'Presupuesto generado automáticamente',	0.00,	NULL,	'',	'',	'',	'',	'',	'2025-04-18 20:54:07',	'2025-04-18 20:54:07',	0,	0.00,	0.00,	0.00,	'2025-04-18 23:54:07',	'2025-04-18 23:54:07',	NULL),
(39,	NULL,	'Nuevo presupuesto',	'',	'Presupuesto generado automáticamente',	0.00,	NULL,	'proobra',	NULL,	'546',	'Sajama 137',	'martinporcires@gmail.com',	NULL,	'2025-04-18 21:02:14',	0,	100.00,	68.00,	0.00,	'2025-04-19 00:02:14',	'2025-04-19 03:04:32',	NULL),
(40,	NULL,	'Nuevo presupuesto',	'',	'Presupuesto generado automáticamente',	0.00,	NULL,	'proobra',	NULL,	'099363251',	'Sajama 137',	'martinporcires@gmail.com',	'2025-04-19 00:00:00',	'2025-04-19 01:17:05',	0,	120.00,	0.00,	0.00,	'2025-04-19 04:17:05',	'2025-04-19 05:08:56',	NULL),
(41,	NULL,	'Nuevo presupuesto',	'',	'Presupuesto generado automáticamente',	0.00,	NULL,	'proobra',	'Prueba 3',	'099363251',	'Sajama 137',	'martinporcires@gmail.com',	'2025-04-19 00:00:00',	'2025-04-19 01:21:13',	0,	100.00,	65.00,	0.00,	'2025-04-19 04:21:13',	'2025-04-19 04:33:19',	NULL),
(42,	NULL,	'Nuevo presupuesto',	'',	'Presupuesto generado automáticamente',	0.00,	NULL,	'',	'',	'',	'',	'',	'2025-04-19 01:58:15',	'2025-04-19 01:58:15',	0,	0.00,	0.00,	0.00,	'2025-04-19 04:58:15',	'2025-04-19 04:58:15',	NULL),
(43,	NULL,	'Nuevo presupuesto',	'',	'Presupuesto generado automáticamente',	0.00,	NULL,	'proobra',	NULL,	'099363251',	'Sajama 137',	'martinporcires@gmail.com',	'2025-04-19 00:00:00',	'2025-04-19 02:05:36',	0,	444.00,	44.00,	0.00,	'2025-04-19 05:05:36',	'2025-04-19 12:49:17',	NULL),
(44,	NULL,	'Nuevo presupuesto',	'',	'Presupuesto generado automáticamente',	0.00,	NULL,	'',	'',	'',	'',	'',	'2025-04-19 09:50:03',	'2025-04-19 09:50:03',	0,	0.00,	0.00,	0.00,	'2025-04-19 12:50:03',	'2025-04-19 12:50:03',	NULL),
(45,	NULL,	'Nuevo presupuesto',	'',	'Presupuesto generado automáticamente',	0.00,	NULL,	'proobra',	NULL,	'099363251',	'Sajama 137',	'martinporcires@gmail.com',	NULL,	'2025-04-19 09:55:41',	0,	100.00,	65.00,	0.00,	'2025-04-19 12:55:41',	'2025-04-19 15:41:19',	NULL),
(46,	NULL,	'Nuevo presupuesto',	'',	'Presupuesto generado automáticamente',	0.00,	NULL,	'',	'',	'',	'',	'',	'2025-04-19 10:07:39',	'2025-04-19 10:07:39',	0,	0.00,	0.00,	0.00,	'2025-04-19 13:07:39',	'2025-04-19 13:07:39',	NULL),
(47,	NULL,	'Nuevo presupuesto',	'',	'Presupuesto generado automáticamente',	0.00,	NULL,	'',	'',	'',	'',	'',	'2025-04-19 10:19:48',	'2025-04-19 10:19:48',	0,	0.00,	0.00,	0.00,	'2025-04-19 13:19:48',	'2025-04-19 13:19:48',	NULL),
(48,	NULL,	'Nuevo presupuesto',	'',	'Presupuesto generado automáticamente',	0.00,	NULL,	'',	'',	'',	'',	'',	'2025-04-19 10:23:29',	'2025-04-19 10:23:29',	0,	0.00,	0.00,	0.00,	'2025-04-19 13:23:29',	'2025-04-19 13:23:29',	NULL),
(49,	NULL,	'Nuevo presupuesto',	'',	'Presupuesto generado automáticamente',	0.00,	NULL,	'',	'',	'',	'',	'',	'2025-04-19 10:30:07',	'2025-04-19 10:30:07',	0,	0.00,	0.00,	0.00,	'2025-04-19 13:30:07',	'2025-04-19 13:30:07',	NULL),
(50,	NULL,	'Nuevo presupuesto',	'',	'Presupuesto generado automáticamente',	0.00,	NULL,	'',	'',	'',	'',	'',	'2025-04-19 10:34:17',	'2025-04-19 10:34:17',	0,	0.00,	0.00,	0.00,	'2025-04-19 13:34:17',	'2025-04-19 13:34:17',	NULL),
(51,	NULL,	'Nuevo presupuesto',	'',	'Presupuesto generado automáticamente',	0.00,	NULL,	'',	'',	'',	'',	'',	'2025-04-19 10:40:25',	'2025-04-19 10:40:25',	0,	0.00,	0.00,	0.00,	'2025-04-19 13:40:25',	'2025-04-19 13:40:25',	NULL),
(52,	NULL,	'Nuevo presupuesto',	'',	'Presupuesto generado automáticamente',	0.00,	NULL,	'',	'',	'',	'',	'',	'2025-04-19 10:41:37',	'2025-04-19 10:41:37',	0,	0.00,	0.00,	0.00,	'2025-04-19 13:41:37',	'2025-04-19 13:41:37',	NULL),
(53,	NULL,	'Nuevo presupuesto',	'',	'Presupuesto generado automáticamente',	0.00,	NULL,	'',	'',	'',	'',	'',	'2025-04-19 10:45:04',	'2025-04-19 10:45:04',	0,	0.00,	0.00,	0.00,	'2025-04-19 13:45:04',	'2025-04-19 13:45:04',	NULL),
(54,	NULL,	'Nuevo presupuesto',	'',	'Presupuesto generado automáticamente',	0.00,	NULL,	'',	'',	'',	'',	'',	'2025-04-19 10:46:26',	'2025-04-19 10:46:26',	0,	0.00,	0.00,	0.00,	'2025-04-19 13:46:26',	'2025-04-19 13:46:26',	NULL),
(55,	NULL,	'Nuevo presupuesto',	'',	'Presupuesto generado automáticamente',	0.00,	NULL,	'',	'',	'',	'',	'',	'2025-04-19 11:04:31',	'2025-04-19 11:04:31',	0,	0.00,	0.00,	0.00,	'2025-04-19 14:04:31',	'2025-04-19 14:04:31',	NULL),
(56,	NULL,	'Nuevo presupuesto',	'',	'Presupuesto generado automáticamente',	0.00,	NULL,	'',	'',	'',	'',	'',	'2025-04-19 11:05:34',	'2025-04-19 11:05:34',	0,	0.00,	0.00,	0.00,	'2025-04-19 14:05:34',	'2025-04-19 14:05:34',	NULL),
(57,	NULL,	'Nuevo presupuesto',	'',	'Presupuesto generado automáticamente',	0.00,	NULL,	'',	'',	'',	'',	'',	'2025-04-19 11:16:02',	'2025-04-19 11:16:02',	0,	0.00,	0.00,	0.00,	'2025-04-19 14:16:02',	'2025-04-19 14:16:02',	NULL),
(58,	NULL,	'Nuevo presupuesto',	'',	'Presupuesto generado automáticamente',	0.00,	NULL,	'',	'',	'',	'',	'',	'2025-04-19 11:17:55',	'2025-04-19 11:17:55',	0,	0.00,	0.00,	0.00,	'2025-04-19 14:17:55',	'2025-04-19 14:17:55',	NULL),
(59,	NULL,	'Nuevo presupuesto',	'',	'Presupuesto generado automáticamente',	0.00,	NULL,	'',	'',	'',	'',	'',	'2025-04-19 11:22:52',	'2025-04-19 11:22:52',	0,	0.00,	0.00,	0.00,	'2025-04-19 14:22:52',	'2025-04-19 14:22:52',	NULL),
(60,	NULL,	'Nuevo presupuesto',	'',	'Presupuesto generado automáticamente',	0.00,	NULL,	'proobra',	NULL,	'099363251',	'Sajama 137',	'martinporcires@gmail.com',	'2025-04-19 00:00:00',	'2025-04-19 11:26:25',	0,	88.00,	0.00,	0.00,	'2025-04-19 14:26:25',	'2025-04-19 14:27:17',	NULL),
(61,	NULL,	'Nuevo presupuesto',	'',	'Presupuesto generado automáticamente',	0.00,	NULL,	'',	'',	'',	'',	'',	'2025-04-19 11:40:09',	'2025-04-19 11:40:09',	0,	0.00,	0.00,	0.00,	'2025-04-19 14:40:09',	'2025-04-19 14:40:09',	NULL),
(62,	NULL,	'Nuevo presupuesto',	'',	'Presupuesto generado automáticamente',	0.00,	NULL,	'',	'',	'',	'',	'',	'2025-04-19 11:44:03',	'2025-04-19 11:44:03',	0,	0.00,	0.00,	0.00,	'2025-04-19 14:44:03',	'2025-04-19 14:44:03',	NULL),
(63,	NULL,	'Nuevo presupuesto',	'',	'Presupuesto generado automáticamente',	0.00,	NULL,	'',	'',	'',	'',	'',	'2025-04-19 11:46:12',	'2025-04-19 11:46:12',	0,	0.00,	0.00,	0.00,	'2025-04-19 14:46:12',	'2025-04-19 14:46:12',	NULL),
(64,	NULL,	'Nuevo presupuesto',	'',	'Presupuesto generado automáticamente',	0.00,	NULL,	'',	'',	'',	'',	'',	'2025-04-19 11:55:10',	'2025-04-19 11:55:10',	0,	0.00,	0.00,	0.00,	'2025-04-19 14:55:10',	'2025-04-19 14:55:10',	NULL),
(65,	NULL,	'Nuevo presupuesto',	'',	'Presupuesto generado automáticamente',	0.00,	NULL,	'',	'',	'',	'',	'',	'2025-04-19 11:55:47',	'2025-04-19 11:55:47',	0,	0.00,	0.00,	0.00,	'2025-04-19 14:55:47',	'2025-04-19 14:55:47',	NULL),
(66,	NULL,	'Nuevo presupuesto',	'',	'Presupuesto generado automáticamente',	0.00,	NULL,	'',	'',	'',	'',	'',	'2025-04-19 12:10:10',	'2025-04-19 12:10:10',	0,	0.00,	0.00,	0.00,	'2025-04-19 15:10:10',	'2025-04-19 15:10:10',	NULL),
(67,	NULL,	'Nuevo presupuesto',	'',	'Presupuesto generado automáticamente',	0.00,	NULL,	'',	'',	'',	'',	'',	'2025-04-19 12:11:21',	'2025-04-19 12:11:21',	0,	0.00,	0.00,	0.00,	'2025-04-19 15:11:21',	'2025-04-19 15:11:21',	NULL),
(68,	NULL,	'Nuevo presupuesto',	'',	'Presupuesto generado automáticamente',	0.00,	NULL,	'',	'',	'',	'',	'',	'2025-04-19 12:24:33',	'2025-04-19 12:24:33',	0,	0.00,	0.00,	0.00,	'2025-04-19 15:24:33',	'2025-04-19 15:24:33',	NULL),
(69,	NULL,	'Nuevo presupuesto',	'',	'Presupuesto generado automáticamente',	0.00,	NULL,	'',	'',	'',	'',	'',	'2025-04-19 12:31:56',	'2025-04-19 12:31:56',	0,	0.00,	0.00,	0.00,	'2025-04-19 15:31:56',	'2025-04-19 15:31:56',	NULL),
(70,	NULL,	'Nuevo presupuesto',	'',	'Presupuesto generado automáticamente',	0.00,	NULL,	'',	'',	'',	'',	'',	'2025-04-19 12:41:57',	'2025-04-19 12:41:57',	0,	0.00,	0.00,	0.00,	'2025-04-19 15:41:57',	'2025-04-19 15:41:57',	NULL),
(71,	NULL,	'Nuevo presupuesto',	'',	'Presupuesto generado automáticamente',	0.00,	NULL,	'',	'',	'',	'',	'',	'2025-04-19 12:43:40',	'2025-04-19 12:43:40',	0,	0.00,	0.00,	0.00,	'2025-04-19 15:43:40',	'2025-04-19 15:43:40',	NULL),
(72,	NULL,	'Nuevo presupuesto',	'',	'Presupuesto generado automáticamente',	0.00,	NULL,	'proobra',	NULL,	'099363251',	'Sajama 137',	'martinporcires@gmail.com',	NULL,	'2025-04-19 13:00:37',	0,	0.00,	65.00,	0.00,	'2025-04-19 16:00:37',	'2025-04-19 16:04:55',	NULL),
(73,	NULL,	'Nuevo presupuesto',	'',	'Presupuesto generado automáticamente',	0.00,	NULL,	'',	'',	'',	'',	'',	'2025-04-19 13:05:26',	'2025-04-19 13:05:26',	0,	0.00,	0.00,	0.00,	'2025-04-19 16:05:26',	'2025-04-19 16:05:26',	NULL),
(74,	NULL,	'Nuevo presupuesto',	'',	'Presupuesto generado automáticamente',	0.00,	NULL,	'',	'',	'',	'',	'',	'2025-04-19 13:10:10',	'2025-04-19 13:10:10',	0,	0.00,	0.00,	0.00,	'2025-04-19 16:10:10',	'2025-04-19 16:10:10',	NULL),
(75,	NULL,	'Nuevo presupuesto',	'',	'Presupuesto generado automáticamente',	0.00,	NULL,	'',	'',	'',	'',	'',	'2025-04-19 13:12:27',	'2025-04-19 13:12:27',	0,	0.00,	0.00,	0.00,	'2025-04-19 16:12:27',	'2025-04-19 16:12:27',	NULL),
(76,	NULL,	'Nuevo presupuesto',	'',	'Presupuesto generado automáticamente',	0.00,	NULL,	'',	'',	'',	'',	'',	'2025-04-19 13:46:20',	'2025-04-19 13:46:20',	0,	0.00,	0.00,	0.00,	'2025-04-19 16:46:20',	'2025-04-19 16:46:20',	NULL),
(77,	NULL,	'Nuevo presupuesto',	'',	'Presupuesto generado automáticamente',	0.00,	NULL,	'',	'',	'',	'',	'',	'2025-04-19 13:56:54',	'2025-04-19 13:56:54',	0,	0.00,	0.00,	0.00,	'2025-04-19 16:56:54',	'2025-04-19 16:56:54',	NULL),
(78,	NULL,	'Nuevo presupuesto',	'',	'Presupuesto generado automáticamente',	0.00,	NULL,	'',	'',	'',	'',	'',	'2025-04-19 13:57:42',	'2025-04-19 13:57:42',	0,	0.00,	0.00,	0.00,	'2025-04-19 16:57:42',	'2025-04-19 16:57:42',	NULL),
(79,	NULL,	'Nuevo presupuesto',	'',	'Presupuesto generado automáticamente',	0.00,	NULL,	'',	'',	'',	'',	'',	'2025-04-19 14:14:46',	'2025-04-19 14:14:46',	0,	0.00,	0.00,	0.00,	'2025-04-19 17:14:46',	'2025-04-19 17:14:46',	NULL),
(80,	NULL,	'Nuevo presupuesto',	'',	'Presupuesto generado automáticamente',	0.00,	NULL,	'proobra',	NULL,	'099363251',	'Sajama 137',	'martinporcires@gmail.com',	NULL,	'2025-04-19 14:16:11',	0,	100.00,	44.00,	0.00,	'2025-04-19 17:16:11',	'2025-04-20 12:56:36',	NULL),
(81,	NULL,	'Nuevo presupuesto',	'',	'Presupuesto generado automáticamente',	0.00,	NULL,	'',	'',	'',	'',	'',	'2025-04-19 14:19:23',	'2025-04-19 14:19:23',	0,	0.00,	0.00,	0.00,	'2025-04-19 17:19:23',	'2025-04-19 17:19:23',	NULL),
(82,	NULL,	'Nuevo presupuesto',	'',	'Presupuesto generado automáticamente',	0.00,	NULL,	'',	'',	'',	'',	'',	'2025-04-19 14:19:39',	'2025-04-19 14:19:39',	0,	0.00,	0.00,	0.00,	'2025-04-19 17:19:39',	'2025-04-19 17:19:39',	NULL),
(83,	NULL,	'Nuevo presupuesto',	'',	'Presupuesto generado automáticamente',	0.00,	NULL,	'',	'',	'',	'',	'',	'2025-04-19 14:24:19',	'2025-04-19 14:24:19',	0,	0.00,	0.00,	0.00,	'2025-04-19 17:24:19',	'2025-04-19 17:24:19',	NULL),
(84,	NULL,	'Nuevo presupuesto',	'',	'Presupuesto generado automáticamente',	0.00,	NULL,	'',	'',	'',	'',	'',	'2025-04-19 14:24:43',	'2025-04-19 14:24:43',	0,	0.00,	0.00,	0.00,	'2025-04-19 17:24:43',	'2025-04-19 17:24:43',	NULL),
(85,	NULL,	'Nuevo presupuesto',	'',	'Presupuesto generado automáticamente',	0.00,	NULL,	'',	'',	'',	'',	'',	'2025-04-19 14:25:14',	'2025-04-19 14:25:14',	0,	0.00,	0.00,	0.00,	'2025-04-19 17:25:14',	'2025-04-19 17:25:14',	NULL),
(86,	NULL,	'Nuevo presupuesto',	'',	'Presupuesto generado automáticamente',	0.00,	NULL,	'proobra',	NULL,	'099363251',	'Sajama 137',	'martinporcires@gmail.com',	NULL,	'2025-04-19 14:25:44',	0,	100.00,	65.00,	0.00,	'2025-04-19 17:25:44',	'2025-04-19 17:30:35',	NULL),
(87,	NULL,	'Nuevo presupuesto',	'',	'Presupuesto generado automáticamente',	0.00,	NULL,	'',	'',	'',	'',	'',	'2025-04-19 14:31:44',	'2025-04-19 14:31:44',	0,	0.00,	0.00,	0.00,	'2025-04-19 17:31:44',	'2025-04-19 17:31:44',	NULL),
(88,	NULL,	'Nuevo presupuesto',	'',	'Presupuesto generado automáticamente',	0.00,	NULL,	'',	'',	'',	'',	'',	'2025-04-19 14:45:37',	'2025-04-19 14:45:37',	0,	0.00,	0.00,	0.00,	'2025-04-19 17:45:37',	'2025-04-19 17:45:37',	NULL),
(89,	NULL,	'Nuevo presupuesto',	'',	'Presupuesto generado automáticamente',	0.00,	NULL,	'',	'',	'',	'',	'',	'2025-04-19 14:52:29',	'2025-04-19 14:52:29',	0,	0.00,	0.00,	0.00,	'2025-04-19 17:52:29',	'2025-04-19 17:52:29',	NULL),
(90,	NULL,	'Nuevo presupuesto',	'',	'Presupuesto generado automáticamente',	0.00,	NULL,	'proobra',	NULL,	'099363251',	'Sajama 137',	'martinporcires@gmail.com',	NULL,	'2025-04-19 14:52:48',	0,	0.00,	44.00,	0.00,	'2025-04-19 17:52:48',	'2025-04-19 17:53:05',	NULL),
(91,	NULL,	'Nuevo presupuesto',	'',	'Presupuesto generado automáticamente',	0.00,	NULL,	'',	'',	'',	'',	'',	'2025-04-19 14:53:31',	'2025-04-19 14:53:31',	0,	0.00,	0.00,	0.00,	'2025-04-19 17:53:31',	'2025-04-19 17:53:31',	NULL),
(92,	NULL,	'Nuevo presupuesto',	'',	'Presupuesto generado automáticamente',	0.00,	NULL,	'',	'',	'',	'',	'',	'2025-04-19 15:22:54',	'2025-04-19 15:22:54',	0,	0.00,	0.00,	0.00,	'2025-04-19 18:22:54',	'2025-04-19 18:22:54',	NULL),
(93,	NULL,	'Nuevo presupuesto',	'',	'Presupuesto generado automáticamente',	0.00,	NULL,	'',	'',	'',	'',	'',	'2025-04-19 15:41:47',	'2025-04-19 15:41:47',	0,	0.00,	0.00,	0.00,	'2025-04-19 18:41:47',	'2025-04-19 18:41:47',	NULL),
(94,	NULL,	'Nuevo presupuesto',	'',	'Presupuesto generado automáticamente',	0.00,	NULL,	'',	'',	'',	'',	'',	'2025-04-19 15:42:26',	'2025-04-19 15:42:26',	0,	0.00,	0.00,	0.00,	'2025-04-19 18:42:26',	'2025-04-19 18:42:26',	NULL),
(95,	NULL,	'Nuevo presupuesto',	'',	'Presupuesto generado automáticamente',	0.00,	NULL,	'',	'',	'',	'',	'',	'2025-04-19 15:42:31',	'2025-04-19 15:42:31',	0,	0.00,	0.00,	0.00,	'2025-04-19 18:42:31',	'2025-04-19 18:42:31',	NULL),
(96,	NULL,	'Nuevo presupuesto',	'',	'Presupuesto generado automáticamente',	0.00,	NULL,	'proobra',	NULL,	'099363251',	'Sajama 137',	'martinporcires@gmail.com',	'2025-04-19 00:00:00',	'2025-04-19 15:42:47',	0,	100.00,	41.00,	0.00,	'2025-04-19 18:42:47',	'2025-04-19 18:43:32',	NULL),
(97,	NULL,	'Nuevo presupuesto4',	NULL,	'',	0.00,	NULL,	'proobra',	NULL,	'099363251',	'Sajama 137',	'martinporcires@gmail.com',	'2025-04-23 00:00:00',	'2025-04-23 20:47:34',	0,	0.00,	0.00,	0.00,	'2025-04-19 18:43:57',	'2025-04-23 23:47:34',	NULL),
(98,	NULL,	'Nuevo presupuesto',	'',	'Presupuesto generado automáticamente',	0.00,	NULL,	'',	'',	'',	'',	'',	'2025-04-19 15:44:51',	'2025-04-19 15:44:51',	0,	0.00,	0.00,	0.00,	'2025-04-19 18:44:51',	'2025-04-19 18:44:51',	NULL),
(99,	NULL,	'Nuevo presupuesto',	'',	'Presupuesto generado automáticamente',	0.00,	NULL,	'',	'',	'',	'',	'',	'2025-04-19 15:53:12',	'2025-04-19 15:53:12',	0,	0.00,	0.00,	0.00,	'2025-04-19 18:53:12',	'2025-04-19 18:53:12',	NULL),
(100,	NULL,	'Nuevo presupuesto',	'',	'Presupuesto generado automáticamente',	0.00,	NULL,	'',	'',	'',	'',	'',	'2025-04-19 15:59:27',	'2025-04-19 15:59:27',	0,	0.00,	0.00,	0.00,	'2025-04-19 18:59:27',	'2025-04-19 18:59:27',	NULL),
(101,	NULL,	'Nuevo presupuesto',	'',	'Presupuesto generado automáticamente',	0.00,	NULL,	'',	'',	'',	'',	'',	'2025-04-19 16:02:12',	'2025-04-19 16:02:12',	0,	0.00,	0.00,	0.00,	'2025-04-19 19:02:12',	'2025-04-19 19:02:12',	NULL),
(102,	NULL,	'Nuevo presupuesto',	'',	'Presupuesto generado automáticamente',	0.00,	NULL,	'',	'',	'',	'',	'',	'2025-04-19 16:20:43',	'2025-04-19 16:20:43',	0,	0.00,	0.00,	0.00,	'2025-04-19 19:20:43',	'2025-04-19 19:20:43',	NULL),
(103,	NULL,	'Nuevo presupuesto',	'hola',	'',	0.00,	NULL,	'proobra',	NULL,	'099363251',	'Sajama 137',	'martinporcires@gmail.com',	'2025-04-19 00:00:00',	'2025-04-24 01:12:09',	0,	0.00,	0.00,	0.00,	'2025-04-19 19:22:16',	'2025-04-24 04:12:09',	NULL),
(104,	NULL,	'Nuevo presupuesto',	'',	'Presupuesto generado automáticamente',	0.00,	NULL,	'',	'',	'',	'',	'',	'2025-04-19 16:28:43',	'2025-04-19 16:28:43',	0,	0.00,	0.00,	0.00,	'2025-04-19 19:28:43',	'2025-04-19 19:28:43',	NULL),
(105,	NULL,	'Nuevo presupuesto',	'',	'Presupuesto generado automáticamente',	0.00,	NULL,	'',	'',	'',	'',	'',	'2025-04-19 16:30:14',	'2025-04-19 16:30:14',	0,	0.00,	0.00,	0.00,	'2025-04-19 19:30:14',	'2025-04-19 19:30:14',	NULL),
(106,	NULL,	'Nuevo presupuesto',	'',	'Presupuesto generado automáticamente',	0.00,	NULL,	'',	'',	'',	'',	'',	'2025-04-19 16:33:27',	'2025-04-19 16:33:27',	0,	0.00,	0.00,	0.00,	'2025-04-19 19:33:27',	'2025-04-19 19:33:27',	NULL),
(107,	NULL,	'Nuevo presupuesto',	'',	'Presupuesto generado automáticamente',	0.00,	NULL,	'',	'',	'',	'',	'',	'2025-04-19 16:38:01',	'2025-04-19 16:38:01',	0,	0.00,	0.00,	0.00,	'2025-04-19 19:38:01',	'2025-04-19 19:38:01',	NULL),
(108,	NULL,	'Nuevo presupuesto',	'',	'Presupuesto generado automáticamente',	0.00,	NULL,	'',	'',	'',	'',	'',	'2025-04-19 16:41:28',	'2025-04-19 16:41:28',	0,	0.00,	0.00,	0.00,	'2025-04-19 19:41:28',	'2025-04-19 19:41:28',	NULL),
(109,	NULL,	'Nuevo presupuesto',	'',	'Presupuesto generado automáticamente',	0.00,	NULL,	'',	'',	'',	'',	'',	'2025-04-19 16:44:24',	'2025-04-19 16:44:24',	0,	0.00,	0.00,	0.00,	'2025-04-19 19:44:24',	'2025-04-19 19:44:24',	NULL),
(110,	NULL,	'Nuevo presupuesto',	'',	'Presupuesto generado automáticamente',	0.00,	NULL,	'',	'',	'',	'',	'',	'2025-04-19 16:45:24',	'2025-04-19 16:45:24',	0,	0.00,	0.00,	0.00,	'2025-04-19 19:45:24',	'2025-04-19 19:45:24',	NULL),
(111,	NULL,	'Nuevo presupuesto',	'',	'Presupuesto generado automáticamente',	0.00,	NULL,	'',	'',	'',	'',	'',	'2025-04-19 16:45:58',	'2025-04-19 16:45:58',	0,	0.00,	0.00,	0.00,	'2025-04-19 19:45:58',	'2025-04-19 19:45:58',	NULL),
(112,	NULL,	'Nuevo presupuesto',	'',	'Presupuesto generado automáticamente',	0.00,	NULL,	'',	'',	'',	'',	'',	'2025-04-19 16:46:30',	'2025-04-19 16:46:30',	0,	0.00,	0.00,	0.00,	'2025-04-19 19:46:30',	'2025-04-19 19:46:30',	NULL),
(113,	NULL,	'Nuevo presupuesto',	'',	'Presupuesto generado automáticamente',	0.00,	NULL,	'',	'',	'',	'',	'',	'2025-04-19 16:46:42',	'2025-04-19 16:46:42',	0,	0.00,	0.00,	0.00,	'2025-04-19 19:46:42',	'2025-04-19 19:46:42',	NULL),
(114,	NULL,	'Nuevo presupuesto',	'',	'Presupuesto generado automáticamente',	0.00,	NULL,	'',	'',	'',	'',	'',	'2025-04-19 17:02:45',	'2025-04-19 17:02:45',	0,	0.00,	0.00,	0.00,	'2025-04-19 20:02:45',	'2025-04-19 20:02:45',	NULL),
(115,	NULL,	'Nuevo presupuesto',	'',	'Presupuesto generado automáticamente',	0.00,	NULL,	'proobra',	NULL,	'099363251',	'Sajama 137',	'martinporcires@gmail.com',	'2025-04-19 00:00:00',	'2025-04-19 17:03:51',	0,	100.00,	44.00,	0.00,	'2025-04-19 20:03:51',	'2025-04-19 21:35:54',	NULL),
(116,	NULL,	'Nuevo presupuesto',	'',	'Presupuesto generado automáticamente',	0.00,	NULL,	'proobra',	NULL,	'099363251',	'Sajama 137',	'martinporcires@gmail.com',	'2025-04-19 00:00:00',	'2025-04-19 17:06:20',	0,	0.00,	0.00,	0.00,	'2025-04-19 20:06:20',	'2025-04-19 20:07:50',	NULL),
(117,	NULL,	'Nuevo presupuesto',	'',	'Presupuesto generado automáticamente',	0.00,	NULL,	'',	'',	'',	'',	'',	'2025-04-19 17:34:03',	'2025-04-19 17:34:03',	0,	0.00,	0.00,	0.00,	'2025-04-19 20:34:03',	'2025-04-19 20:34:03',	NULL),
(118,	NULL,	'Nuevo presupuesto',	'',	'Presupuesto generado automáticamente',	0.00,	NULL,	'',	'',	'',	'',	'',	'2025-04-19 17:37:27',	'2025-04-19 17:37:27',	0,	0.00,	0.00,	0.00,	'2025-04-19 20:37:27',	'2025-04-19 20:37:27',	NULL),
(119,	NULL,	'Nuevo presupuesto',	'',	'Presupuesto generado automáticamente',	0.00,	NULL,	'',	'',	'',	'',	'',	'2025-04-19 17:46:08',	'2025-04-19 17:46:08',	0,	0.00,	0.00,	0.00,	'2025-04-19 20:46:08',	'2025-04-19 20:46:08',	NULL),
(120,	NULL,	'Nuevo presupuesto',	'',	'Presupuesto generado automáticamente',	0.00,	NULL,	'',	'',	'',	'',	'',	'2025-04-19 18:05:49',	'2025-04-19 18:05:49',	0,	0.00,	0.00,	0.00,	'2025-04-19 21:05:49',	'2025-04-19 21:05:49',	NULL),
(121,	NULL,	'Nuevo presupuesto',	'',	'Presupuesto generado automáticamente',	0.00,	NULL,	'',	'',	'',	'',	'',	'2025-04-19 18:06:10',	'2025-04-19 18:06:10',	0,	0.00,	0.00,	0.00,	'2025-04-19 21:06:10',	'2025-04-19 21:06:10',	NULL),
(122,	NULL,	'Nuevo presupuesto',	'',	'Presupuesto generado automáticamente',	0.00,	NULL,	'',	'',	'',	'',	'',	'2025-04-19 18:06:44',	'2025-04-19 18:06:44',	0,	0.00,	0.00,	0.00,	'2025-04-19 21:06:44',	'2025-04-19 21:06:44',	NULL),
(123,	NULL,	'Nuevo presupuesto',	'',	'Presupuesto generado automáticamente',	0.00,	NULL,	'',	'',	'',	'',	'',	'2025-04-19 18:36:16',	'2025-04-19 18:36:16',	0,	0.00,	0.00,	0.00,	'2025-04-19 21:36:16',	'2025-04-19 21:36:16',	NULL),
(124,	NULL,	'Nuevo presupuesto',	'',	'Presupuesto generado automáticamente',	0.00,	NULL,	'',	'',	'',	'',	'',	'2025-04-19 19:41:54',	'2025-04-19 19:41:54',	0,	0.00,	0.00,	0.00,	'2025-04-19 22:41:54',	'2025-04-19 22:41:54',	NULL),
(125,	NULL,	'Nuevo presupuesto',	'',	'Presupuesto generado automáticamente',	0.00,	NULL,	'',	'',	'',	'',	'',	'2025-04-19 19:56:32',	'2025-04-19 19:56:32',	0,	0.00,	0.00,	0.00,	'2025-04-19 22:56:32',	'2025-04-19 22:56:32',	NULL),
(126,	NULL,	'Nuevo presupuesto',	'',	'Presupuesto generado automáticamente',	0.00,	NULL,	'',	'',	'',	'',	'',	'2025-04-19 20:25:28',	'2025-04-19 20:25:28',	0,	0.00,	0.00,	0.00,	'2025-04-19 23:25:28',	'2025-04-19 23:25:28',	NULL),
(127,	NULL,	'Nuevo presupuesto',	'',	'Presupuesto generado automáticamente',	0.00,	NULL,	'',	'',	'',	'',	'',	'2025-04-19 20:45:17',	'2025-04-19 20:45:17',	0,	0.00,	0.00,	0.00,	'2025-04-19 23:45:17',	'2025-04-19 23:45:17',	NULL),
(128,	NULL,	'Nuevo presupuesto',	'',	'Presupuesto generado automáticamente',	0.00,	NULL,	'proobra',	NULL,	'099363251',	'Sajama 137',	'martinporcires@gmail.com',	'2025-04-19 00:00:00',	'2025-04-19 20:53:13',	0,	0.00,	0.00,	0.00,	'2025-04-19 23:53:13',	'2025-04-20 00:19:07',	NULL),
(129,	NULL,	'Nuevo presupuesto',	'',	'Presupuesto generado automáticamente',	0.00,	NULL,	'',	'',	'',	'',	'',	'2025-04-19 21:19:16',	'2025-04-19 21:19:16',	0,	0.00,	0.00,	0.00,	'2025-04-20 00:19:16',	'2025-04-20 00:19:16',	NULL),
(130,	NULL,	'Nuevo presupuesto',	'',	'Presupuesto generado automáticamente',	0.00,	NULL,	'',	'',	'',	'',	'',	'2025-04-19 21:19:19',	'2025-04-19 21:19:19',	0,	0.00,	0.00,	0.00,	'2025-04-20 00:19:19',	'2025-04-20 00:19:19',	NULL),
(131,	NULL,	'Nuevo presupuesto',	'',	'Presupuesto generado automáticamente',	0.00,	NULL,	'',	'',	'',	'',	'',	'2025-04-19 21:38:17',	'2025-04-19 21:38:17',	0,	0.00,	0.00,	0.00,	'2025-04-20 00:38:17',	'2025-04-20 00:38:17',	NULL),
(132,	NULL,	'Nuevo presupuesto',	'',	'Presupuesto generado automáticamente',	0.00,	NULL,	'proobra',	NULL,	'099363251',	'Sajama 137',	'martinporcires@gmail.com',	'2025-04-19 00:00:00',	'2025-04-19 21:45:12',	0,	0.00,	41.00,	0.00,	'2025-04-20 00:45:12',	'2025-04-20 00:46:11',	NULL),
(133,	NULL,	'Nuevo presupuesto',	'',	'Presupuesto generado automáticamente',	0.00,	NULL,	'proobra',	NULL,	'099363251',	'Sajama 137',	'martinporcires@gmail.com',	NULL,	'2025-04-19 21:56:10',	0,	100.00,	44.00,	0.00,	'2025-04-20 00:56:10',	'2025-04-20 00:57:47',	NULL),
(134,	NULL,	'Nuevo presupuesto',	'',	'Presupuesto generado automáticamente',	0.00,	NULL,	'',	'',	'',	'',	'',	'2025-04-19 22:51:57',	'2025-04-19 22:51:57',	0,	0.00,	0.00,	0.00,	'2025-04-20 01:51:57',	'2025-04-20 01:51:57',	NULL),
(135,	NULL,	'Nuevo presupuesto',	'',	'Presupuesto generado automáticamente',	0.00,	NULL,	'',	'',	'',	'',	'',	'2025-04-19 23:46:29',	'2025-04-19 23:46:29',	0,	0.00,	0.00,	0.00,	'2025-04-20 02:46:29',	'2025-04-20 02:46:29',	NULL),
(136,	NULL,	'Nuevo presupuesto',	'',	'Presupuesto generado automáticamente',	0.00,	NULL,	'',	'',	'',	'',	'',	'2025-04-19 23:46:32',	'2025-04-19 23:46:32',	0,	0.00,	0.00,	0.00,	'2025-04-20 02:46:32',	'2025-04-20 02:46:32',	NULL),
(137,	NULL,	'Nuevo presupuesto',	'',	'Presupuesto generado automáticamente',	0.00,	NULL,	'proobra',	NULL,	'099363251',	'Sajama 137',	'martinporcires@gmail.com',	NULL,	'2025-04-19 23:46:45',	0,	100.00,	65.00,	0.00,	'2025-04-20 02:46:45',	'2025-04-20 13:23:44',	NULL),
(138,	NULL,	'Nuevo presupuesto',	'',	'Presupuesto generado automáticamente',	0.00,	NULL,	'proobra',	NULL,	'099363251',	'Sajama 137',	'martinporcires@gmail.com',	NULL,	'2025-04-20 11:43:39',	0,	51.00,	44.00,	0.00,	'2025-04-20 14:43:39',	'2025-04-20 17:47:49',	NULL),
(139,	NULL,	'Presupuesto hijo',	'',	'Presupuesto generado como hijo de otro presupuesto',	0.00,	NULL,	'proobra',	NULL,	'099363251',	'Sajama 137',	'martinporcires@gmail.com',	'2025-04-20 11:53:55',	'2025-04-20 11:43:39',	0,	101.00,	0.00,	0.00,	'2025-04-20 14:53:55',	'2025-04-20 14:53:55',	NULL),
(140,	NULL,	'Presupuesto hijo',	'',	'Presupuesto generado como hijo de otro presupuesto',	0.00,	NULL,	'proobra',	NULL,	'099363251',	'Sajama 137',	'martinporcires@gmail.com',	'2025-04-20 11:54:09',	'2025-04-20 11:43:39',	0,	101.00,	0.00,	0.00,	'2025-04-20 14:54:09',	'2025-04-20 14:54:09',	NULL),
(141,	NULL,	'Presupuesto hijo',	'',	'Presupuesto generado como hijo de otro presupuesto',	0.00,	NULL,	'proobra',	NULL,	'099363251',	'Sajama 137',	'martinporcires@gmail.com',	'2025-04-20 11:54:11',	'2025-04-20 11:43:39',	0,	101.00,	0.00,	0.00,	'2025-04-20 14:54:11',	'2025-04-20 14:54:11',	NULL),
(142,	NULL,	'Presupuesto hijo',	'',	'Presupuesto generado como hijo de otro presupuesto',	0.00,	NULL,	'proobra',	NULL,	'099363251',	'Sajama 137',	'martinporcires@gmail.com',	'2025-04-20 11:54:12',	'2025-04-20 11:43:39',	0,	101.00,	0.00,	0.00,	'2025-04-20 14:54:12',	'2025-04-20 14:54:12',	NULL),
(143,	NULL,	'Presupuesto hijo',	'',	'Presupuesto generado como hijo de otro presupuesto',	0.00,	NULL,	'proobra',	NULL,	'099363251',	'Sajama 137',	'martinporcires@gmail.com',	'2025-04-20 11:54:14',	'2025-04-20 11:43:39',	0,	101.00,	0.00,	0.00,	'2025-04-20 14:54:14',	'2025-04-20 14:54:14',	NULL),
(144,	NULL,	'Presupuesto hijo',	'',	'Presupuesto generado como hijo de otro presupuesto',	0.00,	NULL,	'proobra',	NULL,	'099363251',	'Sajama 137',	'martinporcires@gmail.com',	'2025-04-20 11:54:14',	'2025-04-20 11:43:39',	0,	101.00,	0.00,	0.00,	'2025-04-20 14:54:14',	'2025-04-20 14:54:14',	NULL),
(145,	NULL,	'Presupuesto hijo',	'',	'Presupuesto generado como hijo de otro presupuesto',	0.00,	NULL,	'proobra',	NULL,	'099363251',	'Sajama 137',	'martinporcires@gmail.com',	'2025-04-20 12:07:59',	'2025-04-20 11:43:39',	0,	101.00,	0.00,	0.00,	'2025-04-20 15:07:59',	'2025-04-20 15:07:59',	NULL),
(146,	NULL,	'Presupuesto hijo',	'',	'Presupuesto generado como hijo de otro presupuesto',	0.00,	NULL,	'proobra',	NULL,	'099363251',	'Sajama 137',	'martinporcires@gmail.com',	'2025-04-20 12:08:13',	'2025-04-20 11:43:39',	0,	101.00,	0.00,	0.00,	'2025-04-20 15:08:13',	'2025-04-20 15:08:13',	NULL),
(147,	NULL,	'Presupuesto hijo',	'',	'Presupuesto generado como hijo de otro presupuesto',	0.00,	NULL,	'proobra',	NULL,	'099363251',	'Sajama 137',	'martinporcires@gmail.com',	'2025-04-20 12:08:16',	'2025-04-20 11:43:39',	0,	101.00,	0.00,	0.00,	'2025-04-20 15:08:16',	'2025-04-20 15:08:16',	NULL),
(148,	NULL,	'Presupuesto hijo',	'',	'Presupuesto generado como hijo de otro presupuesto',	0.00,	NULL,	'proobra',	NULL,	'099363251',	'Sajama 137',	'martinporcires@gmail.com',	'2025-04-20 12:11:45',	'2025-04-20 11:43:39',	0,	101.00,	0.00,	0.00,	'2025-04-20 15:11:45',	'2025-04-20 15:11:45',	NULL),
(149,	NULL,	'Presupuesto hijo',	'',	'Presupuesto generado como hijo de otro presupuesto',	0.00,	NULL,	'proobra',	NULL,	'099363251',	'Sajama 137',	'martinporcires@gmail.com',	'2025-04-20 12:12:04',	'2025-04-20 11:43:39',	0,	101.00,	0.00,	0.00,	'2025-04-20 15:12:04',	'2025-04-20 15:12:04',	NULL),
(150,	NULL,	'Presupuesto hijo',	'',	'Presupuesto generado como hijo de otro presupuesto',	0.00,	NULL,	'proobra',	NULL,	'099363251',	'Sajama 137',	'martinporcires@gmail.com',	'2025-04-20 12:18:20',	'2025-04-20 11:43:39',	0,	101.00,	0.00,	0.00,	'2025-04-20 15:18:20',	'2025-04-20 15:18:20',	NULL),
(151,	NULL,	'Presupuesto hijo',	'',	'Presupuesto generado como hijo de otro presupuesto',	0.00,	NULL,	'proobra',	NULL,	'099363251',	'Sajama 137',	'martinporcires@gmail.com',	'2025-04-20 12:23:07',	'2025-04-20 11:43:39',	0,	101.00,	0.00,	0.00,	'2025-04-20 15:23:07',	'2025-04-20 15:23:07',	NULL),
(152,	NULL,	'Presupuesto hijo',	'',	'Presupuesto generado como hijo de otro presupuesto',	0.00,	NULL,	'proobra',	NULL,	'099363251',	'Sajama 137',	'martinporcires@gmail.com',	'2025-04-20 12:23:48',	'2025-04-20 11:43:39',	0,	101.00,	0.00,	0.00,	'2025-04-20 15:23:48',	'2025-04-20 15:23:48',	NULL),
(153,	NULL,	'Presupuesto hijo',	'',	'Presupuesto generado como hijo de otro presupuesto',	0.00,	NULL,	'proobra',	NULL,	'099363251',	'Sajama 137',	'martinporcires@gmail.com',	'2025-04-20 12:24:34',	'2025-04-20 11:43:39',	0,	101.00,	0.00,	0.00,	'2025-04-20 15:24:34',	'2025-04-20 15:24:34',	NULL),
(154,	NULL,	'Presupuesto hijo',	'',	'Presupuesto generado como hijo de otro presupuesto',	0.00,	NULL,	'proobra',	NULL,	'099363251',	'Sajama 137',	'martinporcires@gmail.com',	'2025-04-20 12:28:36',	'2025-04-20 11:43:39',	0,	101.00,	0.00,	0.00,	'2025-04-20 15:28:36',	'2025-04-20 15:28:36',	NULL),
(155,	NULL,	'Presupuesto hijo',	'',	'Presupuesto generado como hijo de otro presupuesto',	0.00,	NULL,	'proobra',	NULL,	'099363251',	'Sajama 137',	'martinporcires@gmail.com',	'2025-04-20 12:34:28',	'2025-04-20 11:43:39',	0,	101.00,	0.00,	0.00,	'2025-04-20 15:34:28',	'2025-04-20 15:34:28',	NULL),
(156,	138,	'Presupuesto hijo',	'',	'Presupuesto generado como hijo de otro presupuesto',	0.00,	NULL,	'proobra2',	'sdfsd',	'099363251',	'Sajama 137',	'martinporcires@gmail.com',	'2025-04-20 00:00:00',	'2025-04-20 11:43:39',	0,	101.00,	65.00,	0.00,	'2025-04-20 15:42:29',	'2025-04-20 17:11:28',	NULL),
(157,	97,	'Presupuesto hijo',	NULL,	'',	0.00,	NULL,	'proobra',	NULL,	'099363251',	'Sajama 137',	'martinporcires@gmail.com',	'2025-04-20 00:00:00',	'2025-04-23 20:43:46',	0,	0.00,	0.00,	0.00,	'2025-04-20 18:16:47',	'2025-04-23 23:43:46',	NULL),
(158,	NULL,	'Nuevo presupuesto',	'',	'Presupuesto generado automáticamente',	0.00,	NULL,	'proobra',	NULL,	'099363251',	'Sajama 137',	'martinporcires@gmail.com',	'2025-04-20 00:00:00',	'2025-04-20 15:21:05',	0,	200.00,	68.00,	0.00,	'2025-04-20 18:21:05',	'2025-04-20 18:22:10',	NULL),
(159,	158,	'Presupuesto hijo',	'',	'Presupuesto generado como hijo de otro presupuesto',	0.00,	NULL,	'proobra',	NULL,	'099363251',	'Sajama 137',	'martinporcires@gmail.com',	'2025-04-20 15:22:14',	'2025-04-20 15:21:05',	0,	200.00,	0.00,	0.00,	'2025-04-20 18:22:14',	'2025-04-20 18:22:14',	NULL),
(160,	NULL,	'Nuevo presupuesto',	'',	'Presupuesto generado automáticamente',	0.00,	NULL,	NULL,	NULL,	NULL,	NULL,	NULL,	'2025-04-20 00:00:00',	'2025-04-20 20:12:39',	0,	0.00,	0.00,	0.00,	'2025-04-20 23:12:39',	'2025-04-21 00:06:40',	NULL),
(161,	NULL,	'Nuevo presupuesto',	'',	'Presupuesto generado automáticamente',	0.00,	NULL,	'',	'',	'',	'',	'',	'2025-04-20 20:21:52',	'2025-04-20 20:21:52',	0,	0.00,	0.00,	0.00,	'2025-04-20 23:21:52',	'2025-04-20 23:21:52',	NULL),
(162,	NULL,	'Nuevo presupuesto',	'',	'Presupuesto generado automáticamente',	0.00,	NULL,	NULL,	NULL,	NULL,	NULL,	NULL,	'2025-04-20 00:00:00',	'2025-04-20 21:09:35',	0,	0.00,	0.00,	0.00,	'2025-04-21 00:09:35',	'2025-04-21 00:21:45',	NULL),
(163,	NULL,	'Nuevo presupuesto',	'',	'Presupuesto generado automáticamente',	0.00,	NULL,	NULL,	NULL,	NULL,	NULL,	NULL,	'2025-04-20 00:00:00',	'2025-04-20 21:21:49',	0,	100.00,	0.00,	0.00,	'2025-04-21 00:21:49',	'2025-04-21 02:05:42',	NULL),
(164,	NULL,	'Nuevo presupuesto',	'',	'Presupuesto generado automáticamente',	0.00,	NULL,	'',	'',	'',	'',	'',	'2025-04-20 23:06:54',	'2025-04-20 23:06:54',	0,	0.00,	0.00,	0.00,	'2025-04-21 02:06:54',	'2025-04-21 02:06:54',	NULL),
(165,	NULL,	'Nuevo presupuesto',	'',	'Presupuesto generado automáticamente',	0.00,	NULL,	NULL,	NULL,	NULL,	NULL,	NULL,	'2025-04-20 00:00:00',	'2025-04-20 23:22:10',	0,	0.00,	0.00,	0.00,	'2025-04-21 02:22:10',	'2025-04-21 03:05:24',	NULL),
(166,	NULL,	'Nuevo presupuesto',	'',	'Presupuesto generado automáticamente',	0.00,	NULL,	NULL,	NULL,	NULL,	NULL,	NULL,	'2025-04-21 00:00:00',	'2025-04-21 00:05:30',	0,	0.00,	0.00,	0.00,	'2025-04-21 03:05:30',	'2025-04-22 04:39:20',	NULL),
(167,	NULL,	'nuevo',	'',	'Nuevo 423',	0.00,	NULL,	'proobra',	'45',	'099363251',	'Sajama 137',	'martinporcires@gmail.com',	'2025-04-21 00:00:00',	'2025-04-21 01:23:33',	0,	0.00,	0.00,	0.00,	'2025-04-21 04:23:33',	'2025-04-22 20:03:40',	NULL),
(168,	NULL,	'Nuevo presupuesto',	'',	'Presupuesto generado automáticamente',	0.00,	NULL,	NULL,	NULL,	NULL,	NULL,	NULL,	'2025-04-21 00:00:00',	'2025-04-21 01:50:40',	0,	0.00,	0.00,	0.00,	'2025-04-21 04:50:40',	'2025-04-21 05:38:18',	NULL),
(169,	NULL,	'Nuevo presupuesto',	'',	'Presupuesto generado automáticamente',	0.00,	NULL,	'',	'',	'',	'',	'',	'2025-04-21 01:58:08',	'2025-04-21 01:58:08',	0,	0.00,	0.00,	0.00,	'2025-04-21 04:58:08',	'2025-04-21 04:58:08',	NULL),
(170,	NULL,	'Nuevo presupuesto',	'',	'Presupuesto generado automáticamente',	0.00,	NULL,	NULL,	NULL,	NULL,	NULL,	NULL,	'2025-04-21 00:00:00',	'2025-04-21 02:08:46',	0,	0.00,	0.00,	0.00,	'2025-04-21 05:08:46',	'2025-04-22 10:59:43',	NULL),
(171,	NULL,	'Nuevo presupuesto',	NULL,	'',	0.00,	NULL,	NULL,	NULL,	NULL,	NULL,	NULL,	'2025-04-21 00:00:00',	'2025-04-24 23:34:52',	0,	0.00,	0.00,	0.00,	'2025-04-21 13:34:34',	'2025-04-25 02:34:52',	NULL),
(172,	NULL,	'Hola',	'',	'Hola',	0.00,	NULL,	'proobra',	'ewr',	'099363251',	'Sajama 137',	'martinporcires@gmail.com',	'2025-04-21 00:00:00',	'2025-04-21 22:59:43',	0,	200.00,	65.00,	0.00,	'2025-04-22 01:59:43',	'2025-04-22 20:55:24',	NULL),
(173,	NULL,	'Nuevo presupuesto',	'',	'Presupuesto generado automáticamente',	0.00,	NULL,	NULL,	NULL,	NULL,	NULL,	NULL,	'2025-04-22 00:00:00',	'2025-04-22 01:40:10',	0,	200.00,	12.00,	0.00,	'2025-04-22 04:40:10',	'2025-04-22 04:43:24',	NULL),
(174,	NULL,	'Nuevo presupuesto',	'',	'Presupuesto generado automáticamente',	0.00,	NULL,	NULL,	NULL,	NULL,	NULL,	NULL,	'2025-04-22 00:00:00',	'2025-04-22 01:43:29',	0,	0.00,	0.00,	0.00,	'2025-04-22 04:43:29',	'2025-04-23 01:21:48',	NULL),
(175,	NULL,	'Nuevo presupuesto',	'',	'Presupuesto generado automáticamente',	0.00,	NULL,	NULL,	NULL,	NULL,	NULL,	NULL,	'2025-04-22 00:00:00',	'2025-04-22 01:52:58',	0,	0.00,	0.00,	0.00,	'2025-04-22 04:52:58',	'2025-04-22 04:57:27',	NULL),
(176,	NULL,	'Nuevo presupuesto',	'',	'Presupuesto generado automáticamente',	0.00,	NULL,	NULL,	NULL,	NULL,	NULL,	NULL,	'2025-04-22 00:00:00',	'2025-04-22 07:59:53',	0,	0.00,	0.00,	0.00,	'2025-04-22 10:59:53',	'2025-04-22 11:54:30',	NULL),
(177,	NULL,	'Nuevo presupuesto',	'',	'Presupuesto generado automáticamente',	0.00,	NULL,	NULL,	NULL,	NULL,	NULL,	NULL,	'2025-04-22 00:00:00',	'2025-04-22 08:54:35',	0,	0.00,	0.00,	0.00,	'2025-04-22 11:54:35',	'2025-04-22 11:54:49',	NULL),
(178,	NULL,	'Nuevo presupuesto',	'',	'Presupuesto generado automáticamente',	0.00,	NULL,	NULL,	NULL,	NULL,	NULL,	NULL,	'2025-04-22 00:00:00',	'2025-04-22 10:50:23',	0,	0.00,	0.00,	0.00,	'2025-04-22 13:50:23',	'2025-04-22 13:59:13',	NULL),
(179,	NULL,	'Nuevo presupuesto',	'',	'Presupuesto generado automáticamente',	0.00,	NULL,	'proobra',	NULL,	'099363251',	'Sajama 137',	'martinporcires@gmail.com',	NULL,	'2025-04-22 13:47:36',	0,	100.00,	55.00,	0.00,	'2025-04-22 16:47:36',	'2025-04-22 16:48:57',	NULL),
(180,	NULL,	'Nuevo presupuesto',	'',	'Presupuesto generado automáticamente',	0.00,	NULL,	NULL,	NULL,	NULL,	NULL,	NULL,	NULL,	'2025-04-22 14:00:13',	0,	100.00,	0.00,	0.00,	'2025-04-22 17:00:13',	'2025-04-22 18:36:05',	NULL),
(181,	NULL,	'required|string|max:255',	'nullable|string|max:255',	'',	0.00,	NULL,	NULL,	NULL,	NULL,	NULL,	NULL,	'2025-04-22 23:25:09',	'2025-04-22 23:25:09',	0,	0.00,	0.00,	0.00,	'2025-04-23 02:25:09',	'2025-04-23 02:25:09',	NULL),
(182,	NULL,	'required|string|max:255',	'nullable|string|max:255',	'',	0.00,	NULL,	NULL,	NULL,	NULL,	NULL,	NULL,	'2025-04-22 00:00:00',	'2025-04-22 23:25:35',	0,	0.00,	0.00,	0.00,	'2025-04-23 02:25:11',	'2025-04-23 02:25:35',	NULL),
(183,	NULL,	'required|string|max:255',	'nullable|string|max:255',	'',	0.00,	NULL,	NULL,	NULL,	NULL,	NULL,	NULL,	'2025-04-22 23:25:42',	'2025-04-22 23:25:42',	0,	0.00,	0.00,	0.00,	'2025-04-23 02:25:42',	'2025-04-23 02:25:42',	NULL),
(184,	NULL,	'required|string|max:255',	'nullable|string|max:255',	'',	0.00,	NULL,	NULL,	NULL,	NULL,	NULL,	NULL,	'2025-04-22 23:33:41',	'2025-04-22 23:33:41',	0,	0.00,	0.00,	0.00,	'2025-04-23 02:33:41',	'2025-04-23 02:33:41',	NULL),
(185,	NULL,	'required|string|max:255',	'nullable|string|max:255',	'',	0.00,	NULL,	NULL,	NULL,	NULL,	NULL,	NULL,	'2025-04-22 00:00:00',	'2025-04-23 00:08:57',	0,	0.00,	0.00,	0.00,	'2025-04-23 02:41:26',	'2025-04-23 03:08:57',	NULL),
(186,	NULL,	'required|string|max:255',	'nullable|string|max:255',	'',	0.00,	NULL,	NULL,	NULL,	NULL,	NULL,	NULL,	'2025-04-23 06:36:41',	'2025-04-23 06:36:41',	0,	0.00,	0.00,	0.00,	'2025-04-23 09:36:41',	'2025-04-23 09:36:41',	NULL),
(187,	NULL,	'required|string|max:255',	'nullable|string|max:255',	'',	0.00,	NULL,	NULL,	NULL,	NULL,	NULL,	NULL,	'2025-04-23 00:00:00',	'2025-04-23 07:02:34',	0,	0.00,	0.00,	0.00,	'2025-04-23 09:52:50',	'2025-04-23 10:02:34',	NULL),
(188,	NULL,	'required|string|max:255',	'nullable|string|max:255',	'',	0.00,	NULL,	'proobra',	NULL,	'099363251',	'Sajama 137',	'martinporcires@gmail.com',	'2025-04-23 00:00:00',	'2025-04-23 08:52:56',	0,	200.00,	0.00,	0.00,	'2025-04-23 10:03:26',	'2025-04-23 11:52:56',	NULL),
(189,	NULL,	'required|string|max:255',	'nullable|string|max:255',	'',	0.00,	NULL,	NULL,	NULL,	NULL,	NULL,	NULL,	'2025-04-23 00:00:00',	'2025-04-23 10:04:03',	0,	100.00,	55.00,	0.00,	'2025-04-23 11:54:34',	'2025-04-23 13:04:03',	NULL),
(190,	NULL,	'required|string|max:255',	'nullable|string|max:255',	'',	0.00,	NULL,	NULL,	NULL,	NULL,	NULL,	NULL,	'2025-04-23 00:00:00',	'2025-04-23 14:59:52',	0,	100.00,	65.00,	0.00,	'2025-04-23 17:52:30',	'2025-04-23 17:59:52',	NULL),
(191,	NULL,	'required|string|max:255',	'nullable|string|max:255',	'',	0.00,	NULL,	'proobra',	NULL,	'099363251',	'Sajama 137',	'martinporcires@gmail.com',	'2025-04-23 00:00:00',	'2025-04-23 15:21:44',	0,	100.00,	0.00,	0.00,	'2025-04-23 18:03:39',	'2025-04-23 18:21:44',	NULL),
(192,	NULL,	'required|string|max:255',	'nullable|string|max:255',	'',	0.00,	NULL,	NULL,	NULL,	NULL,	NULL,	NULL,	'2025-04-23 00:00:00',	'2025-04-23 15:46:02',	0,	65.00,	100.00,	0.00,	'2025-04-23 18:22:11',	'2025-04-23 18:46:02',	NULL),
(193,	NULL,	'required|string|max:255',	'nullable|string|max:255',	'',	0.00,	NULL,	NULL,	NULL,	NULL,	NULL,	NULL,	'2025-04-23 00:00:00',	'2025-04-23 16:22:36',	0,	100.00,	100.00,	0.00,	'2025-04-23 18:59:52',	'2025-04-23 19:22:36',	NULL),
(194,	NULL,	'required|string|max:255',	'nullable|string|max:255',	'',	0.00,	NULL,	'proobra',	NULL,	'099363251',	'Sajama 137',	'martinporcires@gmail.com',	'2025-04-23 00:00:00',	'2025-04-23 16:24:34',	0,	0.00,	50.00,	0.00,	'2025-04-23 19:23:35',	'2025-04-23 19:24:34',	NULL),
(195,	NULL,	'required|string|max:255',	'nullable|string|max:255',	'',	0.00,	NULL,	NULL,	NULL,	NULL,	NULL,	NULL,	'2025-04-23 00:00:00',	'2025-04-23 16:39:49',	0,	100.00,	500.00,	0.00,	'2025-04-23 19:35:47',	'2025-04-23 19:39:49',	NULL),
(196,	NULL,	'required|string|max:255',	'nullable|string|max:255',	'',	0.00,	NULL,	NULL,	NULL,	NULL,	NULL,	NULL,	'2025-04-23 16:48:29',	'2025-04-23 16:48:29',	0,	0.00,	0.00,	0.00,	'2025-04-23 19:48:29',	'2025-04-23 19:48:29',	NULL),
(197,	NULL,	'required|string|max:255',	'nullable|string|max:255',	'',	0.00,	NULL,	NULL,	NULL,	NULL,	NULL,	NULL,	'2025-04-23 00:00:00',	'2025-04-23 18:52:27',	0,	0.00,	0.00,	0.00,	'2025-04-23 19:53:10',	'2025-04-23 21:52:27',	NULL),
(198,	NULL,	'required|string|max:255',	'nullable|string|max:255',	'',	0.00,	NULL,	'proobra',	NULL,	'099363251',	'Sajama 137',	'martinporcires@gmail.com',	'2025-04-23 00:00:00',	'2025-04-23 18:55:36',	0,	100.00,	0.00,	0.00,	'2025-04-23 21:54:47',	'2025-04-23 21:55:36',	NULL),
(199,	NULL,	'required|string|max:255',	'nullable|string|max:255',	'',	0.00,	NULL,	'proobra',	NULL,	'099363251',	'Sajama 137',	'martinporcires@gmail.com',	'2025-04-23 00:00:00',	'2025-04-23 18:57:59',	0,	0.00,	0.00,	0.00,	'2025-04-23 21:56:40',	'2025-04-23 21:57:59',	NULL),
(200,	NULL,	'required|string|max:255',	'nullable|string|max:255',	'',	0.00,	NULL,	'proobra',	NULL,	'099363251',	'Sajama 137',	'martinporcires@gmail.com',	'2025-04-23 00:00:00',	'2025-04-23 19:55:51',	0,	0.00,	0.00,	0.00,	'2025-04-23 22:39:14',	'2025-04-23 22:55:51',	NULL),
(201,	NULL,	'required|string|max:255',	'nullable|string|max:255',	'',	0.00,	NULL,	'proobra',	NULL,	'099363251',	'Sajama 137',	'martinporcires@gmail.com',	'2025-04-23 00:00:00',	'2025-04-23 19:56:58',	0,	0.00,	0.00,	0.00,	'2025-04-23 22:56:22',	'2025-04-23 22:56:58',	NULL),
(202,	NULL,	'required|string|max:255',	'nullable|string|max:255',	'',	0.00,	NULL,	NULL,	NULL,	NULL,	NULL,	NULL,	'2025-04-23 19:59:42',	'2025-04-23 19:59:42',	0,	0.00,	0.00,	0.00,	'2025-04-23 22:59:42',	'2025-04-23 22:59:42',	NULL),
(203,	NULL,	'required|string|max:255',	'nullable|string|max:255',	'',	0.00,	NULL,	NULL,	NULL,	NULL,	NULL,	NULL,	'2025-04-23 00:00:00',	'2025-04-23 20:45:16',	0,	0.00,	65.00,	0.00,	'2025-04-23 23:44:31',	'2025-04-23 23:45:16',	NULL),
(204,	NULL,	'required|string|max:255',	'nullable|string|max:255',	'',	0.00,	NULL,	NULL,	NULL,	NULL,	NULL,	NULL,	'2025-04-23 23:24:03',	'2025-04-23 23:24:03',	0,	0.00,	0.00,	0.00,	'2025-04-24 02:24:03',	'2025-04-24 02:24:03',	NULL),
(205,	NULL,	'nuevo presupuesto',	'',	'',	0.00,	NULL,	NULL,	NULL,	NULL,	NULL,	NULL,	'2025-04-24 01:15:30',	'2025-04-24 01:15:30',	0,	0.00,	0.00,	0.00,	'2025-04-24 04:15:30',	'2025-04-24 04:15:30',	NULL),
(206,	NULL,	'nuevo presupuesto',	'',	'',	0.00,	NULL,	NULL,	NULL,	NULL,	NULL,	NULL,	'2025-04-24 01:15:32',	'2025-04-24 01:15:32',	0,	0.00,	0.00,	0.00,	'2025-04-24 04:15:32',	'2025-04-24 04:15:32',	NULL),
(207,	NULL,	'nuevo presupuesto',	NULL,	'',	0.00,	NULL,	NULL,	NULL,	NULL,	NULL,	NULL,	'2025-04-24 00:00:00',	'2025-04-24 08:14:15',	0,	0.00,	55.00,	0.00,	'2025-04-24 10:09:26',	'2025-04-24 11:14:15',	NULL),
(208,	NULL,	'nuevo presupuesto',	'',	'',	0.00,	NULL,	NULL,	NULL,	NULL,	NULL,	NULL,	'2025-04-24 08:14:50',	'2025-04-24 08:14:50',	0,	0.00,	0.00,	0.00,	'2025-04-24 11:14:50',	'2025-04-24 11:14:50',	NULL),
(209,	NULL,	'nuevo presupuesto',	NULL,	'',	0.00,	NULL,	NULL,	NULL,	NULL,	NULL,	NULL,	'2025-04-24 00:00:00',	'2025-04-24 09:13:27',	0,	100.00,	10.00,	77.30,	'2025-04-24 11:15:57',	'2025-04-24 12:13:27',	NULL),
(210,	NULL,	'nuevo presupuesto',	NULL,	'',	0.00,	NULL,	'proobra',	NULL,	'099363251',	'Sajama 137',	'martinporcires@gmail.com',	'2025-04-24 00:00:00',	'2025-04-24 09:20:55',	0,	100.00,	65.00,	86.00,	'2025-04-24 12:15:28',	'2025-04-24 12:20:55',	NULL),
(211,	210,	'Presupuesto hijo de 210',	NULL,	'',	0.00,	NULL,	NULL,	NULL,	NULL,	NULL,	NULL,	'2025-04-24 00:00:00',	'2025-04-24 09:32:25',	0,	0.00,	65.00,	44.00,	'2025-04-24 12:21:29',	'2025-04-24 12:32:25',	NULL),
(212,	NULL,	'nuevo presupuesto',	NULL,	'',	0.00,	NULL,	NULL,	NULL,	NULL,	NULL,	NULL,	'2025-04-24 00:00:00',	'2025-04-24 09:28:34',	0,	0.00,	0.00,	5.00,	'2025-04-24 12:28:28',	'2025-04-24 12:28:34',	NULL),
(213,	NULL,	'nuevo presupuesto',	NULL,	'',	0.00,	NULL,	NULL,	NULL,	NULL,	NULL,	NULL,	'2025-04-24 00:00:00',	'2025-04-24 09:29:48',	0,	0.00,	5.00,	5.00,	'2025-04-24 12:29:13',	'2025-04-24 12:29:48',	NULL),
(214,	NULL,	'nuevo presupuesto',	NULL,	'',	0.00,	NULL,	'proobra',	NULL,	'099363251',	'Sajama 137',	'martinporcires@gmail.com',	'2025-04-24 00:00:00',	'2025-04-24 09:34:50',	0,	100.00,	70.00,	86.00,	'2025-04-24 12:33:40',	'2025-04-24 12:34:50',	NULL),
(215,	214,	'Presupuesto hijo de 214',	NULL,	'',	0.00,	NULL,	NULL,	NULL,	NULL,	NULL,	NULL,	'2025-04-24 00:00:00',	'2025-04-24 09:39:27',	0,	50.00,	70.00,	86.00,	'2025-04-24 12:34:53',	'2025-04-24 12:39:27',	NULL),
(216,	NULL,	'nuevo presupuesto',	NULL,	'',	0.00,	NULL,	NULL,	NULL,	NULL,	NULL,	NULL,	'2025-04-24 00:00:00',	'2025-04-24 09:39:48',	0,	50.00,	70.00,	86.00,	'2025-04-24 12:39:30',	'2025-04-24 12:39:48',	NULL),
(217,	216,	'Presupuesto hijo de 216',	NULL,	'',	0.00,	NULL,	NULL,	NULL,	NULL,	NULL,	NULL,	'2025-04-24 00:00:00',	'2025-04-24 09:40:10',	0,	0.00,	70.00,	86.00,	'2025-04-24 12:39:54',	'2025-04-24 12:40:10',	NULL),
(218,	NULL,	'nuevo presupuesto',	'',	'',	0.00,	NULL,	NULL,	NULL,	NULL,	NULL,	NULL,	'2025-04-24 22:05:01',	'2025-04-24 22:05:01',	0,	0.00,	70.00,	86.00,	'2025-04-25 01:05:01',	'2025-04-25 01:05:01',	NULL),
(219,	NULL,	'nuevo presupuesto',	NULL,	'',	0.00,	NULL,	'proobra',	NULL,	'099363251',	'Sajama 137',	'martinporcires@gmail.com',	'2025-04-24 00:00:00',	'2025-04-24 22:18:11',	0,	100.00,	70.00,	86.00,	'2025-04-25 01:05:06',	'2025-04-25 01:18:11',	NULL),
(220,	219,	'Presupuesto hijo de 219',	NULL,	'',	0.00,	NULL,	'proobra',	NULL,	'099363251',	'Sajama 137',	'martinporcires@gmail.com',	'2025-04-24 00:00:00',	'2025-04-24 22:15:19',	0,	0.00,	20.00,	20.00,	'2025-04-25 01:07:35',	'2025-04-25 01:15:19',	NULL),
(221,	219,	'Presupuesto hijo de 219',	NULL,	'',	0.00,	NULL,	'hijo 2',	NULL,	'099363251',	'Sajama 137',	'martinporcires@gmail.com',	'2025-04-24 00:00:00',	'2025-04-24 22:24:03',	0,	335.00,	30.00,	30.00,	'2025-04-25 01:15:32',	'2025-04-25 01:24:03',	NULL),
(222,	219,	'Presupuesto hijo de 219',	NULL,	'',	0.00,	NULL,	NULL,	NULL,	NULL,	NULL,	NULL,	'2025-04-24 00:00:00',	'2025-04-24 22:27:55',	0,	44.00,	22.00,	22.00,	'2025-04-25 01:24:15',	'2025-04-25 01:27:55',	NULL),
(223,	NULL,	'nuevo presupuesto',	NULL,	'',	0.00,	NULL,	NULL,	NULL,	NULL,	NULL,	NULL,	'2025-04-24 00:00:00',	'2025-04-24 22:47:56',	0,	0.00,	70.00,	86.00,	'2025-04-25 01:47:50',	'2025-04-25 01:47:56',	NULL),
(224,	223,	'Presupuesto hijo de 223',	'',	'',	0.00,	NULL,	NULL,	NULL,	NULL,	NULL,	NULL,	'2025-04-24 22:47:59',	'2025-04-24 22:47:59',	0,	0.00,	70.00,	86.00,	'2025-04-25 01:47:59',	'2025-04-25 01:47:59',	NULL),
(225,	NULL,	'nuevo presupuesto',	NULL,	'',	0.00,	NULL,	'proobra',	'hg',	'099363251',	'Sajama 137',	'martinporcires@gmail.com',	'2025-04-24 00:00:00',	'2025-04-24 22:49:24',	0,	0.00,	22.00,	22.00,	'2025-04-25 01:48:17',	'2025-04-25 01:49:24',	NULL),
(226,	225,	'Presupuesto hijo de 225',	NULL,	'',	0.00,	NULL,	NULL,	NULL,	NULL,	NULL,	NULL,	'2025-04-24 00:00:00',	'2025-04-24 22:59:54',	0,	0.00,	70.00,	86.00,	'2025-04-25 01:49:35',	'2025-04-25 01:59:54',	NULL),
(227,	226,	'Presupuesto hijo de 226',	NULL,	'',	0.00,	NULL,	NULL,	NULL,	NULL,	NULL,	NULL,	'2025-04-24 00:00:00',	'2025-04-24 23:03:44',	0,	0.00,	70.00,	86.00,	'2025-04-25 02:01:22',	'2025-04-25 02:03:44',	NULL),
(228,	227,	'Presupuesto hijo de 227',	'',	'',	0.00,	NULL,	NULL,	NULL,	NULL,	NULL,	NULL,	'2025-04-24 23:03:53',	'2025-04-24 23:03:53',	0,	0.00,	70.00,	86.00,	'2025-04-25 02:03:53',	'2025-04-25 02:03:53',	NULL),
(229,	228,	'Presupuesto hijo de 228',	'',	'',	0.00,	NULL,	NULL,	NULL,	NULL,	NULL,	NULL,	'2025-04-24 23:04:22',	'2025-04-24 23:04:22',	0,	0.00,	70.00,	86.00,	'2025-04-25 02:04:22',	'2025-04-25 02:04:22',	NULL),
(230,	171,	'Presupuesto hijo de 171',	'',	'',	0.00,	NULL,	NULL,	NULL,	NULL,	NULL,	NULL,	'2025-04-24 23:17:53',	'2025-04-24 23:17:53',	0,	0.00,	70.00,	86.00,	'2025-04-25 02:17:53',	'2025-04-25 02:17:53',	NULL),
(231,	230,	'Presupuesto hijo de 230',	'',	'',	0.00,	NULL,	NULL,	NULL,	NULL,	NULL,	NULL,	'2025-04-24 23:18:12',	'2025-04-24 23:18:12',	0,	0.00,	70.00,	86.00,	'2025-04-25 02:18:12',	'2025-04-25 02:18:12',	NULL),
(232,	171,	'Presupuesto hijo de 171',	NULL,	'',	0.00,	NULL,	NULL,	NULL,	NULL,	NULL,	NULL,	'2025-04-24 00:00:00',	'2025-04-24 23:28:20',	0,	0.00,	70.00,	86.00,	'2025-04-25 02:28:12',	'2025-04-25 02:28:20',	NULL),
(233,	NULL,	'nuevo presupuesto',	NULL,	'',	0.00,	NULL,	'hijo 2',	NULL,	'099363251',	'Sajama 137',	'martinporcires@gmail.com',	'2025-04-24 00:00:00',	'2025-04-24 23:46:42',	0,	50.00,	50.00,	50.00,	'2025-04-25 02:35:49',	'2025-04-25 02:46:42',	NULL),
(234,	NULL,	'nuevo presupuesto',	'',	'',	0.00,	NULL,	NULL,	NULL,	NULL,	NULL,	NULL,	'2025-04-24 23:37:06',	'2025-04-24 23:37:06',	0,	0.00,	70.00,	86.00,	'2025-04-25 02:37:06',	'2025-04-25 02:37:06',	NULL),
(235,	NULL,	'nuevo presupuesto',	NULL,	'',	0.00,	NULL,	'6',	NULL,	NULL,	NULL,	NULL,	'2025-04-24 00:00:00',	'2025-04-24 23:38:53',	0,	60.00,	70.00,	86.00,	'2025-04-25 02:37:08',	'2025-04-25 02:38:53',	NULL),
(236,	NULL,	'nuevo presupuesto',	NULL,	'',	0.00,	NULL,	NULL,	NULL,	NULL,	NULL,	NULL,	'2025-04-24 00:00:00',	'2025-04-24 23:53:38',	0,	0.00,	70.00,	86.00,	'2025-04-25 02:51:33',	'2025-04-25 02:53:38',	NULL),
(237,	NULL,	'nuevo presupuesto',	'',	'',	0.00,	NULL,	NULL,	NULL,	NULL,	NULL,	NULL,	'2025-04-24 23:53:40',	'2025-04-24 23:53:40',	0,	0.00,	70.00,	86.00,	'2025-04-25 02:53:40',	'2025-04-25 02:53:40',	NULL),
(238,	NULL,	'nuevo presupuesto',	'',	'',	0.00,	NULL,	NULL,	NULL,	NULL,	NULL,	NULL,	'2025-04-25 00:00:45',	'2025-04-25 00:00:45',	0,	0.00,	70.00,	86.00,	'2025-04-25 03:00:45',	'2025-04-25 03:00:45',	NULL),
(239,	NULL,	'nuevo presupuesto',	'',	'',	0.00,	NULL,	NULL,	NULL,	NULL,	NULL,	NULL,	'2025-04-25 00:00:48',	'2025-04-25 00:00:48',	0,	0.00,	70.00,	86.00,	'2025-04-25 03:00:48',	'2025-04-25 03:00:48',	NULL),
(240,	NULL,	'nuevo presupuesto',	NULL,	'',	0.00,	NULL,	'proobra',	NULL,	'099363251',	'Sajama 137',	'martinporcires@gmail.com',	'2025-04-25 00:00:00',	'2025-04-25 17:23:47',	0,	100.00,	20.00,	20.00,	'2025-04-25 12:30:57',	'2025-04-25 20:23:47',	NULL),
(241,	NULL,	'nuevo presupuesto',	NULL,	'',	0.00,	NULL,	'proobra',	NULL,	'099363251',	'Sajama 137',	'martinporcires@gmail.com',	'2025-04-25 00:00:00',	'2025-04-25 09:39:22',	0,	100.00,	44.00,	44.00,	'2025-04-25 12:35:23',	'2025-04-25 12:39:22',	NULL),
(242,	NULL,	'nuevo presupuesto',	NULL,	'',	0.00,	NULL,	NULL,	NULL,	NULL,	NULL,	NULL,	'2025-04-25 00:00:00',	'2025-04-25 09:59:40',	0,	0.00,	22.00,	22.00,	'2025-04-25 12:51:54',	'2025-04-25 12:59:40',	NULL),
(243,	NULL,	'nuevo presupuesto',	NULL,	'',	0.00,	NULL,	'proobra',	NULL,	'099363251',	'Sajama 137',	'martinporcires@gmail.com',	'2025-04-25 00:00:00',	'2025-04-25 10:07:28',	0,	222.00,	22.00,	2.00,	'2025-04-25 12:59:49',	'2025-04-25 13:07:28',	NULL),
(244,	NULL,	'nuevo presupuesto',	NULL,	'',	0.00,	NULL,	'proobra',	NULL,	'099363251',	'Sajama 137',	'martinporcires@gmail.com',	'2025-04-25 00:00:00',	'2025-04-25 11:40:48',	0,	100.00,	55.00,	55.00,	'2025-04-25 13:21:38',	'2025-04-25 14:40:48',	NULL),
(245,	244,	'Presupuesto hijo de 244',	NULL,	'',	0.00,	NULL,	NULL,	NULL,	NULL,	NULL,	NULL,	'2025-04-25 00:00:00',	'2025-04-25 11:41:37',	0,	0.00,	0.00,	0.00,	'2025-04-25 14:40:58',	'2025-04-25 14:41:37',	NULL),
(246,	NULL,	'nuevo presupuesto',	NULL,	'',	0.00,	NULL,	'proobra',	NULL,	'099363251',	'Sajama 137',	'martinporcires@gmail.com',	'2025-04-25 00:00:00',	'2025-04-25 17:17:13',	0,	200.00,	50.00,	50.00,	'2025-04-25 20:15:27',	'2025-04-25 20:17:13',	NULL),
(247,	NULL,	'nuevo presupuesto',	NULL,	'',	0.00,	NULL,	'proobra',	NULL,	'099363251',	'Sajama 137',	'martinporcires@gmail.com',	'2025-04-25 00:00:00',	'2025-04-25 18:21:50',	0,	200.00,	55.00,	92.40,	'2025-04-25 20:27:46',	'2025-04-25 21:21:50',	NULL),
(248,	NULL,	'nuevo presupuesto',	'',	'',	0.00,	NULL,	NULL,	NULL,	NULL,	NULL,	NULL,	'2025-04-26 04:12:53',	'2025-04-26 04:12:53',	0,	0.00,	0.00,	0.00,	'2025-04-26 07:12:53',	'2025-04-26 07:12:53',	NULL);

DROP TABLE IF EXISTS `replanteos`;
CREATE TABLE `replanteos` (
  `id` bigint unsigned NOT NULL AUTO_INCREMENT,
  `observaciones` text COLLATE utf8mb4_unicode_ci,
  `presupuesto_id` bigint unsigned NOT NULL,
  `dias` int DEFAULT NULL,
  `descripcion` varchar(255) COLLATE utf8mb4_unicode_ci DEFAULT NULL,
  `orden` int DEFAULT NULL,
  `m2` decimal(10,2) DEFAULT NULL,
  `created_at` timestamp NULL DEFAULT NULL,
  `updated_at` timestamp NULL DEFAULT NULL,
  `descripcion_tarea` varchar(255) COLLATE utf8mb4_unicode_ci DEFAULT NULL,
  PRIMARY KEY (`id`),
  KEY `replanteos_presupuesto_id_foreign` (`presupuesto_id`),
  CONSTRAINT `replanteos_presupuesto_id_foreign` FOREIGN KEY (`presupuesto_id`) REFERENCES `presupuestos` (`id`) ON DELETE CASCADE
) ENGINE=InnoDB AUTO_INCREMENT=168 DEFAULT CHARSET=utf8mb4 COLLATE=utf8mb4_unicode_ci;

INSERT INTO `replanteos` (`id`, `observaciones`, `presupuesto_id`, `dias`, `descripcion`, `orden`, `m2`, `created_at`, `updated_at`, `descripcion_tarea`) VALUES
(23,	'',	34,	0,	NULL,	1,	0.00,	'2025-04-18 20:48:05',	'2025-04-18 20:48:05',	'Prueba'),
(24,	'',	34,	0,	NULL,	2,	0.00,	'2025-04-18 20:48:05',	'2025-04-18 20:48:05',	'Prueba 2'),
(25,	'',	35,	0,	NULL,	1,	0.00,	'2025-04-18 21:02:30',	'2025-04-18 21:02:30',	'Tarea general'),
(26,	'',	37,	0,	NULL,	1,	0.00,	'2025-04-18 21:21:15',	'2025-04-18 21:21:15',	'Tarea general'),
(27,	'',	39,	0,	NULL,	1,	0.00,	'2025-04-19 00:21:45',	'2025-04-19 00:21:45',	'Tarea general'),
(28,	'',	40,	0,	NULL,	1,	0.00,	'2025-04-19 04:18:48',	'2025-04-19 04:18:48',	'Tarea general'),
(29,	'',	41,	0,	NULL,	1,	0.00,	'2025-04-19 04:33:04',	'2025-04-19 04:33:04',	'Tarea general'),
(30,	'',	43,	0,	NULL,	1,	0.00,	'2025-04-19 12:49:08',	'2025-04-19 12:49:08',	'Tarea general'),
(31,	'',	45,	0,	NULL,	1,	0.00,	'2025-04-19 12:56:26',	'2025-04-19 12:56:26',	'Tarea general'),
(32,	'',	60,	0,	NULL,	1,	0.00,	'2025-04-19 14:27:00',	'2025-04-19 14:27:00',	'Tarea general'),
(33,	'',	72,	0,	NULL,	1,	0.00,	'2025-04-19 16:04:55',	'2025-04-19 16:04:55',	'Tarea general'),
(34,	'',	86,	0,	NULL,	1,	0.00,	'2025-04-19 17:26:12',	'2025-04-19 17:26:12',	'Tarea general'),
(35,	'',	90,	0,	NULL,	1,	0.00,	'2025-04-19 17:53:05',	'2025-04-19 17:53:05',	'Tarea general'),
(36,	'',	96,	0,	NULL,	1,	0.00,	'2025-04-19 18:43:09',	'2025-04-19 18:43:09',	'Tarea general'),
(38,	'',	115,	0,	NULL,	1,	0.00,	'2025-04-19 20:04:26',	'2025-04-19 20:04:26',	'Tarea general'),
(39,	'',	116,	0,	NULL,	1,	0.00,	'2025-04-19 20:07:50',	'2025-04-19 20:07:50',	'Tarea general'),
(40,	'',	132,	0,	NULL,	1,	0.00,	'2025-04-20 00:46:05',	'2025-04-20 00:46:05',	'3242'),
(41,	'',	133,	0,	NULL,	1,	0.00,	'2025-04-20 00:56:39',	'2025-04-20 00:56:39',	'Tarea general'),
(42,	'',	137,	0,	NULL,	1,	0.00,	'2025-04-20 02:47:07',	'2025-04-20 02:47:07',	'Tarea general'),
(43,	'',	80,	0,	NULL,	1,	0.00,	'2025-04-20 13:19:35',	'2025-04-20 13:19:35',	'Tarea general'),
(44,	'',	138,	0,	NULL,	1,	0.00,	'2025-04-20 14:44:12',	'2025-04-20 14:44:12',	'Tarea general'),
(45,	'',	156,	0,	NULL,	1,	0.00,	'2025-04-20 15:45:01',	'2025-04-20 15:45:01',	'Tarea general'),
(46,	'',	158,	0,	NULL,	1,	0.00,	'2025-04-20 18:21:36',	'2025-04-20 18:21:36',	'Tarea general'),
(47,	'1',	160,	0,	NULL,	1,	1.00,	'2025-04-20 23:13:02',	'2025-04-20 23:23:27',	'Tarea general'),
(48,	'',	162,	0,	NULL,	1,	0.00,	'2025-04-21 00:14:37',	'2025-04-21 00:14:37',	'Tarea general'),
(49,	'',	163,	0,	NULL,	1,	0.00,	'2025-04-21 00:22:17',	'2025-04-21 00:22:17',	'Tarea general'),
(50,	'',	165,	0,	NULL,	1,	0.00,	'2025-04-21 02:24:41',	'2025-04-21 02:24:41',	'Tarea general'),
(51,	'',	166,	0,	NULL,	1,	0.00,	'2025-04-21 03:05:39',	'2025-04-21 03:05:39',	'Tarea general'),
(52,	'',	167,	0,	NULL,	1,	0.00,	'2025-04-21 04:23:47',	'2025-04-21 04:23:47',	'Tarea general'),
(53,	'',	168,	0,	NULL,	1,	0.00,	'2025-04-21 04:51:16',	'2025-04-21 04:51:16',	'Tarea general'),
(54,	'',	171,	0,	NULL,	1,	0.00,	'2025-04-21 13:35:46',	'2025-04-21 13:35:46',	'Tarea general'),
(55,	'',	172,	0,	NULL,	1,	0.00,	'2025-04-22 02:28:09',	'2025-04-22 02:28:09',	'Tarea general'),
(56,	'',	173,	0,	NULL,	1,	0.00,	'2025-04-22 04:41:23',	'2025-04-22 04:41:23',	'Tarea general'),
(57,	'',	174,	0,	NULL,	1,	0.00,	'2025-04-22 04:43:58',	'2025-04-22 04:43:58',	'rfv'),
(59,	'',	175,	0,	NULL,	1,	0.00,	'2025-04-22 04:55:29',	'2025-04-22 04:55:29',	'Tarea general'),
(64,	'',	170,	0,	NULL,	1,	0.00,	'2025-04-22 10:59:43',	'2025-04-22 10:59:43',	'dsfg'),
(81,	'',	176,	0,	NULL,	1,	0.00,	'2025-04-22 11:54:30',	'2025-04-22 11:54:30',	'Tarea general'),
(82,	'',	176,	0,	NULL,	2,	0.00,	'2025-04-22 11:54:30',	'2025-04-22 11:54:30',	'xfcz'),
(83,	'',	177,	0,	NULL,	1,	0.00,	'2025-04-22 11:54:49',	'2025-04-22 11:54:49',	'Tarea general'),
(91,	'',	97,	0,	NULL,	1,	0.00,	'2025-04-22 13:50:00',	'2025-04-22 13:50:00',	'Tarea general'),
(92,	'',	97,	0,	NULL,	2,	0.00,	'2025-04-22 13:50:00',	'2025-04-22 13:50:00',	'jklñ'),
(94,	'',	178,	0,	NULL,	1,	0.00,	'2025-04-22 13:59:13',	'2025-04-22 13:59:13',	'Tarea general'),
(95,	'',	179,	0,	NULL,	1,	0.00,	'2025-04-22 16:48:44',	'2025-04-22 16:48:44',	'Tarea general'),
(96,	'',	179,	0,	NULL,	2,	0.00,	'2025-04-22 16:49:04',	'2025-04-22 16:49:04',	'414'),
(97,	'',	180,	0,	NULL,	1,	1.00,	'2025-04-22 17:01:06',	'2025-04-22 17:01:06',	'fhdfv'),
(99,	'',	180,	0,	NULL,	2,	0.00,	'2025-04-22 18:29:31',	'2025-04-22 18:29:31',	'gfd'),
(100,	'',	180,	0,	NULL,	3,	0.00,	'2025-04-22 18:50:52',	'2025-04-22 18:50:52',	'42'),
(101,	'',	182,	0,	NULL,	1,	0.00,	'2025-04-23 02:25:35',	'2025-04-23 02:25:35',	'Tarea general'),
(102,	'',	185,	0,	NULL,	1,	0.00,	'2025-04-23 03:08:22',	'2025-04-23 03:08:22',	'1'),
(103,	'',	187,	0,	NULL,	1,	0.00,	'2025-04-23 10:01:56',	'2025-04-23 10:01:56',	'Tarea general'),
(104,	'',	188,	0,	NULL,	1,	0.00,	'2025-04-23 10:03:55',	'2025-04-23 10:03:55',	'Tarea general'),
(105,	'',	189,	0,	NULL,	1,	0.00,	'2025-04-23 12:05:52',	'2025-04-23 12:05:52',	'Tarea general'),
(106,	'',	190,	0,	NULL,	1,	0.00,	'2025-04-23 17:57:57',	'2025-04-23 17:57:57',	'Tarea general'),
(108,	'',	191,	0,	NULL,	1,	0.00,	'2025-04-23 18:05:01',	'2025-04-23 18:05:01',	'fgh'),
(109,	'',	191,	0,	NULL,	2,	0.00,	'2025-04-23 18:05:01',	'2025-04-23 18:05:01',	'fgh'),
(110,	'',	192,	0,	NULL,	1,	0.00,	'2025-04-23 18:23:02',	'2025-04-23 18:23:02',	'rtwe'),
(112,	'',	193,	0,	NULL,	1,	0.00,	'2025-04-23 19:01:42',	'2025-04-23 19:01:42',	'Tarea general'),
(114,	'',	194,	0,	NULL,	1,	0.00,	'2025-04-23 19:24:21',	'2025-04-23 19:24:21',	'Tarea general'),
(115,	'',	195,	0,	NULL,	1,	0.00,	'2025-04-23 19:38:37',	'2025-04-23 19:38:37',	'Tarea general'),
(116,	'',	195,	0,	NULL,	2,	0.00,	'2025-04-23 19:39:49',	'2025-04-23 19:39:49',	'lhg'),
(117,	'',	197,	0,	NULL,	1,	0.00,	'2025-04-23 21:50:59',	'2025-04-23 21:50:59',	'Tarea general'),
(118,	'',	198,	0,	NULL,	1,	0.00,	'2025-04-23 21:55:36',	'2025-04-23 21:55:36',	'Tarea general'),
(119,	'',	199,	0,	NULL,	1,	0.00,	'2025-04-23 21:57:31',	'2025-04-23 21:57:31',	'Tarea general'),
(120,	'',	200,	0,	NULL,	1,	0.00,	'2025-04-23 22:40:08',	'2025-04-23 22:40:08',	'rte'),
(121,	'',	200,	0,	NULL,	2,	0.00,	'2025-04-23 22:40:08',	'2025-04-23 22:40:08',	'ryyt'),
(122,	'',	201,	0,	NULL,	1,	0.00,	'2025-04-23 22:56:58',	'2025-04-23 22:56:58',	'Tarea general'),
(123,	'',	157,	0,	NULL,	1,	0.00,	'2025-04-23 23:43:46',	'2025-04-23 23:43:46',	'Tarea general'),
(124,	'',	203,	0,	NULL,	1,	0.00,	'2025-04-23 23:45:17',	'2025-04-23 23:45:17',	'fg'),
(125,	'',	103,	0,	NULL,	1,	0.00,	'2025-04-24 03:39:51',	'2025-04-24 03:39:51',	'Tarea general'),
(126,	'',	207,	0,	NULL,	1,	0.00,	'2025-04-24 10:22:03',	'2025-04-24 10:22:03',	'Tarea general'),
(127,	'',	209,	0,	NULL,	1,	0.00,	'2025-04-24 11:16:14',	'2025-04-24 11:16:14',	'Tarea general'),
(128,	'',	210,	0,	NULL,	1,	0.00,	'2025-04-24 12:19:59',	'2025-04-24 12:19:59',	'Tarea general'),
(129,	'',	210,	0,	NULL,	2,	1.00,	'2025-04-24 12:20:55',	'2025-04-24 12:20:55',	'rfg'),
(130,	'',	211,	0,	NULL,	1,	0.00,	'2025-04-24 12:23:09',	'2025-04-24 12:23:09',	'Tarea general'),
(131,	'',	212,	0,	NULL,	1,	0.00,	'2025-04-24 12:28:34',	'2025-04-24 12:28:34',	'Tarea general'),
(132,	'',	213,	0,	NULL,	1,	0.00,	'2025-04-24 12:29:48',	'2025-04-24 12:29:48',	'Tarea general'),
(133,	'',	214,	0,	NULL,	1,	0.00,	'2025-04-24 12:34:50',	'2025-04-24 12:34:50',	'Tarea general'),
(134,	'',	215,	0,	NULL,	1,	0.00,	'2025-04-24 12:35:26',	'2025-04-24 12:35:26',	'Tarea general'),
(135,	'',	216,	0,	NULL,	1,	0.00,	'2025-04-24 12:39:48',	'2025-04-24 12:39:48',	'Tarea general'),
(136,	'',	217,	0,	NULL,	1,	0.00,	'2025-04-24 12:40:10',	'2025-04-24 12:40:10',	'Tarea general'),
(137,	'',	219,	0,	NULL,	1,	0.00,	'2025-04-25 01:06:18',	'2025-04-25 01:06:18',	'Tarea general'),
(138,	'',	220,	0,	NULL,	1,	100.00,	'2025-04-25 01:09:11',	'2025-04-25 01:09:11',	'vnj'),
(139,	'',	220,	0,	NULL,	2,	100.00,	'2025-04-25 01:09:11',	'2025-04-25 01:09:11',	'nbvm'),
(140,	'',	220,	0,	NULL,	3,	100.00,	'2025-04-25 01:09:11',	'2025-04-25 01:09:11',	'jkh'),
(141,	'',	221,	0,	NULL,	1,	0.00,	'2025-04-25 01:16:25',	'2025-04-25 01:16:25',	'Tarea general'),
(142,	'',	222,	0,	NULL,	1,	0.00,	'2025-04-25 01:25:27',	'2025-04-25 01:25:27',	'Tarea general'),
(143,	'',	223,	0,	NULL,	1,	0.00,	'2025-04-25 01:47:56',	'2025-04-25 01:47:56',	'Tarea general'),
(144,	'',	225,	0,	NULL,	1,	0.00,	'2025-04-25 01:49:24',	'2025-04-25 01:49:24',	'gfhj'),
(145,	'',	225,	0,	NULL,	2,	0.00,	'2025-04-25 01:49:24',	'2025-04-25 01:49:24',	'ghj'),
(146,	'',	226,	0,	NULL,	1,	0.00,	'2025-04-25 01:53:51',	'2025-04-25 01:53:51',	'Tarea general'),
(147,	'',	227,	0,	NULL,	1,	0.00,	'2025-04-25 02:03:44',	'2025-04-25 02:03:44',	'Tarea general'),
(148,	'',	232,	0,	NULL,	1,	0.00,	'2025-04-25 02:28:20',	'2025-04-25 02:28:20',	'Tarea general'),
(149,	'',	233,	0,	NULL,	1,	0.00,	'2025-04-25 02:36:39',	'2025-04-25 02:36:39',	'Tarea general'),
(150,	'',	235,	0,	NULL,	1,	0.00,	'2025-04-25 02:38:53',	'2025-04-25 02:38:53',	'Tarea general'),
(151,	'',	236,	0,	NULL,	1,	0.00,	'2025-04-25 02:53:38',	'2025-04-25 02:53:38',	'Tarea general'),
(152,	'',	240,	0,	NULL,	1,	0.00,	'2025-04-25 12:32:39',	'2025-04-25 12:32:39',	'jkh'),
(153,	'',	240,	0,	NULL,	2,	0.00,	'2025-04-25 12:32:39',	'2025-04-25 12:32:39',	'hjk'),
(154,	'',	241,	0,	NULL,	1,	0.00,	'2025-04-25 12:39:22',	'2025-04-25 12:39:22',	'hgnj'),
(155,	'',	241,	0,	NULL,	2,	0.00,	'2025-04-25 12:39:22',	'2025-04-25 12:39:22',	'fh'),
(156,	'',	242,	0,	NULL,	1,	0.00,	'2025-04-25 12:58:41',	'2025-04-25 12:58:41',	'Tarea general'),
(157,	'',	243,	0,	NULL,	1,	0.00,	'2025-04-25 13:00:43',	'2025-04-25 13:00:43',	'jhkg'),
(158,	'',	243,	0,	NULL,	2,	0.00,	'2025-04-25 13:00:43',	'2025-04-25 13:00:43',	'ghjk'),
(159,	'',	244,	0,	NULL,	1,	0.00,	'2025-04-25 13:22:49',	'2025-04-25 13:22:49',	'kl'),
(160,	'',	244,	0,	NULL,	2,	0.00,	'2025-04-25 13:22:49',	'2025-04-25 13:22:49',	'lkj'),
(163,	'',	245,	0,	NULL,	1,	0.00,	'2025-04-25 14:41:37',	'2025-04-25 14:41:37',	'Tarea general'),
(164,	'',	246,	0,	NULL,	1,	0.00,	'2025-04-25 20:16:22',	'2025-04-25 20:16:22',	'Tarea general'),
(165,	'',	247,	0,	NULL,	1,	0.00,	'2025-04-25 20:28:36',	'2025-04-25 20:28:36',	'Tarea general'),
(166,	'',	247,	0,	NULL,	2,	0.00,	'2025-04-25 20:54:25',	'2025-04-25 20:54:25',	'hjk'),
(167,	'',	247,	0,	NULL,	3,	0.00,	'2025-04-25 21:09:06',	'2025-04-25 21:09:06',	'3453');

DROP TABLE IF EXISTS `sessions`;
CREATE TABLE `sessions` (
  `id` varchar(255) COLLATE utf8mb4_unicode_ci NOT NULL,
  `user_id` bigint unsigned DEFAULT NULL,
  `ip_address` varchar(45) COLLATE utf8mb4_unicode_ci DEFAULT NULL,
  `user_agent` text COLLATE utf8mb4_unicode_ci,
  `payload` longtext COLLATE utf8mb4_unicode_ci NOT NULL,
  `last_activity` int NOT NULL,
  PRIMARY KEY (`id`),
  KEY `sessions_user_id_index` (`user_id`),
  KEY `sessions_last_activity_index` (`last_activity`)
) ENGINE=InnoDB DEFAULT CHARSET=utf8mb4 COLLATE=utf8mb4_unicode_ci;

INSERT INTO `sessions` (`id`, `user_id`, `ip_address`, `user_agent`, `payload`, `last_activity`) VALUES
('2Wp9dyumVf2Ob9HGO534oey8y1eobTueZSwMXbZy',	1,	'127.0.0.1',	'Mozilla/5.0 (Windows NT 10.0; Win64; x64) AppleWebKit/537.36 (KHTML, like Gecko) Chrome/134.0.0.0 Safari/537.36 Avast/134.0.0.0',	'YTo1OntzOjY6Il90b2tlbiI7czo0MDoiU0pxVEVFSWcyMmx6OUlnQ2txQU9Qd0NxT29FMGoxSk1BSGFMZEhUOSI7czozOiJ1cmwiO2E6MDp7fXM6NjoiX2ZsYXNoIjthOjI6e3M6Mzoib2xkIjthOjA6e31zOjM6Im5ldyI7YTowOnt9fXM6NTA6ImxvZ2luX3dlYl81OWJhMzZhZGRjMmIyZjk0MDE1ODBmMDE0YzdmNThlYTRlMzA5ODlkIjtpOjE7czo5OiJfcHJldmlvdXMiO2E6MTp7czozOiJ1cmwiO3M6NTE6Imh0dHA6Ly9wcm9vYnJhYy5pbnRyYW5ldC50ZXN0L3ByZXN1cHVlc3Rvcy8yNDgvZWRpdCI7fX0=',	1745640773),
('5V1YhPXwAVkoVFbgv5eYpjevdvyU39bcSkqHJ2KU',	NULL,	'127.0.0.1',	'Mozilla/5.0 (Windows NT 10.0; Win64; x64) AppleWebKit/537.36 (KHTML, like Gecko) Herd/1.19.1 Chrome/120.0.6099.291 Electron/28.2.5 Safari/537.36',	'YTo0OntzOjY6Il90b2tlbiI7czo0MDoibFBlejVVcWJZd29pNGdjVWVMUnZCRVlsMHl2ZDhxVVBlVTZDWnVSUyI7czozOiJ1cmwiO2E6MTp7czo4OiJpbnRlbmRlZCI7czo0MzoiaHR0cDovL3Byb29icmFjLmludHJhbmV0LnRlc3QvP2hlcmQ9cHJldmlldyI7fXM6OToiX3ByZXZpb3VzIjthOjE6e3M6MzoidXJsIjtzOjQzOiJodHRwOi8vcHJvb2JyYWMuaW50cmFuZXQudGVzdC8/aGVyZD1wcmV2aWV3Ijt9czo2OiJfZmxhc2giO2E6Mjp7czozOiJvbGQiO2E6MDp7fXM6MzoibmV3IjthOjA6e319fQ==',	1745640746),
('8TofeCjD2irKxrdNa96BPFtuyXvUkyqy65xU8Btx',	NULL,	'127.0.0.1',	'Mozilla/5.0 (Windows NT 10.0; Win64; x64) AppleWebKit/537.36 (KHTML, like Gecko) Herd/1.19.1 Chrome/120.0.6099.291 Electron/28.2.5 Safari/537.36',	'YTozOntzOjY6Il90b2tlbiI7czo0MDoiNTNQVURNWGNtNXRDZ1p2dWljVzNaSjVNWUVUQU4xbk8yTUZTdTV0eSI7czo5OiJfcHJldmlvdXMiO2E6MTp7czozOiJ1cmwiO3M6MzU6Imh0dHA6Ly9wcm9vYnJhYy5pbnRyYW5ldC50ZXN0L2xvZ2luIjt9czo2OiJfZmxhc2giO2E6Mjp7czozOiJvbGQiO2E6MDp7fXM6MzoibmV3IjthOjA6e319fQ==',	1745640748),
('aqjfRU3h4DEg7qyMSDBQfO2cFrfYtXOyXqdZjwij',	1,	'127.0.0.1',	'Mozilla/5.0 (Windows NT 10.0; Win64; x64) AppleWebKit/537.36 (KHTML, like Gecko) Chrome/134.0.0.0 Safari/537.36 Avast/134.0.0.0',	'YTo1OntzOjY6Il90b2tlbiI7czo0MDoiWlVLR3VwM0RLY0RGaTIxSlpyUWRkekNPRjliaEdMbG9YUE1lVUFsciI7czo2OiJfZmxhc2giO2E6Mjp7czozOiJvbGQiO2E6MDp7fXM6MzoibmV3IjthOjA6e319czozOiJ1cmwiO2E6MDp7fXM6OToiX3ByZXZpb3VzIjthOjE6e3M6MzoidXJsIjtzOjUxOiJodHRwOi8vcHJvb2JyYWMuaW50cmFuZXQudGVzdC9wcmVzdXB1ZXN0b3MvMjQ3L2VkaXQiO31zOjUwOiJsb2dpbl93ZWJfNTliYTM2YWRkYzJiMmY5NDAxNTgwZjAxNGM3ZjU4ZWE0ZTMwOTg5ZCI7aToxO30=',	1745605310);

DROP TABLE IF EXISTS `users`;
CREATE TABLE `users` (
  `id` bigint unsigned NOT NULL AUTO_INCREMENT,
  `name` varchar(255) COLLATE utf8mb4_unicode_ci NOT NULL,
  `email` varchar(255) COLLATE utf8mb4_unicode_ci NOT NULL,
  `email_verified_at` timestamp NULL DEFAULT NULL,
  `password` varchar(255) COLLATE utf8mb4_unicode_ci NOT NULL,
  `remember_token` varchar(100) COLLATE utf8mb4_unicode_ci DEFAULT NULL,
  `created_at` timestamp NULL DEFAULT NULL,
  `updated_at` timestamp NULL DEFAULT NULL,
  PRIMARY KEY (`id`),
  UNIQUE KEY `users_email_unique` (`email`)
) ENGINE=InnoDB AUTO_INCREMENT=3 DEFAULT CHARSET=utf8mb4 COLLATE=utf8mb4_unicode_ci;

INSERT INTO `users` (`id`, `name`, `email`, `email_verified_at`, `password`, `remember_token`, `created_at`, `updated_at`) VALUES
(1,	'Administrador',	'admin@proobra.com',	NULL,	'$2y$12$DudqMAPw2tYlpLJeq3uiVOR/RvWIsZ2EMVyOqASeQpyU7iNUsfAJq',	NULL,	'2025-04-17 13:05:48',	'2025-04-17 13:16:10');

-- 2025-04-26 05:47:10
